Day,Number of Bicycle Hires,Month,Number of Bicycle Hires.1,Year,Number of Bicycle Hires.2,Month.1,Average Hire Time (mins)
2010-07-30,6897,2010-07-01,12461.0,2010,2180813,2010-07-01,17.232565604686624
2010-07-31,5564,2010-08-01,341203.0,2011,7142449,2010-08-01,16.551879672804755
2010-08-01,4303,2010-09-01,540859.0,2012,9519283,2010-09-01,15.219079279442516
2010-08-02,6642,2010-10-01,544412.0,2013,8045459,2010-10-01,15.204481165000038
2010-08-03,7966,2010-11-01,456304.0,2014,10023897,2010-11-01,13.776083488200854
2010-08-04,7893,2010-12-01,285574.0,2015,9871839,2010-12-01,16.82051237157445
2010-08-05,8724,2011-01-01,403178.0,2016,10303637,2011-01-01,16.09322929326501
2010-08-06,9797,2011-02-01,398292.0,2017,10446044,2011-02-01,17.249407469896465
2010-08-07,6631,2011-03-01,556155.0,2018,10567540,2011-03-01,19.952108674739954
2010-08-08,7864,2011-04-01,673639.0,2019,10168936,2011-04-01,26.87884015028821
2010-08-09,6191,2011-05-01,722072.0,Grand Total,88269897,2011-05-01,15.047705768953792
2010-08-10,4802,2011-06-01,638717.0,,,2011-06-01,16.39878537756158
2010-08-11,14013,2011-07-01,708454.0,against last month,against last year,2011-07-01,15.60817780688654
2010-08-12,13080,2011-08-01,642440.0,-0.09318036174543443,0.8828673839327321,2011-08-01,17.578021293817322
2010-08-13,12151,2011-09-01,684780.0,0.06590498723616213,0.26609707890596257,2011-09-01,17.336478869125852
2010-08-14,9195,2011-10-01,708802.0,0.03507987966938287,0.3019588106066729,2011-10-01,16.973469318653162
2010-08-15,10928,2011-11-01,597191.0,-0.15746428480732277,0.3087568813773274,2011-11-01,15.574921591249701
2010-08-16,15384,2011-12-01,408729.0,-0.3155807773392432,0.43125424583470484,2011-12-01,19.411069437206557
2010-08-17,15396,2012-01-01,494325.0,0.2094199335011707,0.22607136302079975,2012-01-01,16.903680776816874
2010-08-18,16062,2012-02-01,481826.0,-0.025284984574925402,0.209730549446135,2012-02-01,17.318538227492912
2010-08-19,17170,2012-03-01,818209.0,0.6981420678834268,0.47118878729850494,2012-03-01,21.240560785813894
2010-08-20,16462,2012-04-01,649473.0,-0.20622603760163968,-0.035873813719217565,2012-04-01,21.42034233909647
2010-08-21,11719,2012-05-01,926952.0,0.42723715997431766,0.2837390177156849,2012-05-01,22.05059808922145
2010-08-22,10129,2012-06-01,858805.0,-0.07351729107871821,0.3445782717541572,2012-06-01,22.07957568947549
2010-08-23,12935,2012-07-01,1014174.0,0.18091301284924982,0.4315311932743693,2012-07-01,22.903726579462692
2010-08-24,17006,2012-08-01,1163171.0,0.1469146320059477,0.8105519581595169,2012-08-01,23.203370785550877
2010-08-25,10062,2012-09-01,1015145.0,-0.12726073810299604,0.4824396156429802,2012-09-01,20.017364021888497
2010-08-26,9875,2012-10-01,856866.0,-0.15591762753104235,0.2088933157637817,2012-10-01,17.993264991258847
2010-08-27,12854,2012-11-01,726893.0,-0.1516841606505568,0.2171867961841354,2012-11-01,16.97739006979019
2010-08-28,10116,2012-12-01,513444.0,-0.2936456947583757,0.25619664863515923,2012-12-01,18.954861679170463
2010-08-29,7811,2013-01-01,565589.0,0.10155927423438584,0.1441642644009508,2013-01-01,16.748269503119754
2010-08-30,10534,2013-02-01,516588.0,-0.08663711635127275,0.07214637649275879,2013-02-01,16.031034402657436
2010-08-31,17508,2013-03-01,504611.0,-0.02318482039846067,-0.3832737112400377,2013-03-01,16.23126527166471
2010-09-01,19332,2013-04-01,658230.0,0.304430541545864,0.013483239488015669,2013-04-01,20.080584294243653
2010-09-02,20909,2013-05-01,749934.0,0.1393190829953056,-0.19096781710379826,2013-05-01,21.73425394768073
2010-09-03,20113,2013-06-01,813631.0,0.0849368077724173,-0.052600997898242324,2013-06-01,22.322468047554732
2010-09-04,14373,2013-07-01,998755.0,0.22752820381720953,-0.015203505512860713,2013-07-01,25.378477204119136
2010-09-05,12924,2013-08-01,904155.0,-0.09471792381514986,-0.22268092997504235,2013-08-01,25.45586984532519
2010-09-06,16841,2013-09-01,701724.0,-0.22388970917597092,-0.3087450561249871,2013-09-01,19.112441643723173
2010-09-07,25361,2013-10-01,674154.0,-0.03928895121158746,-0.21323287421837253,2013-10-01,16.818470260504277
2010-09-08,18727,2013-11-01,514146.0,-0.23734636299717868,-0.29267994051394086,2013-11-01,14.728460398408233
2010-09-09,20774,2013-12-01,443942.0,-0.13654487246813163,-0.13536432405481416,2013-12-01,18.368140432759237
2010-09-10,19532,2014-01-01,493870.0,0.11246514184285335,-0.12680409272457563,2014-01-01,15.485591349950392
2010-09-11,13383,2014-02-01,522940.0,0.05886164375240448,0.012296065723555329,2014-02-01,17.082690174781046
2010-09-12,14002,2014-03-01,757864.0,0.4492370061574942,0.5018776839981689,2014-03-01,19.889820601057718
2010-09-13,18037,2014-04-01,805571.0,0.06294928905450055,0.22384424897072452,2014-04-01,20.568281380536288
2010-09-14,17026,2014-05-01,890709.0,0.1056865254583395,0.18771651905367673,2014-05-01,20.820644003821677
2010-09-15,20890,2014-06-01,1052573.0,0.18172489556072746,0.29367366779289383,2014-06-01,21.062662637175766
2010-09-16,20433,2014-07-01,1183182.0,0.12408545535559054,0.18465689783780806,2014-07-01,21.620545275367608
2010-09-17,20488,2014-08-01,1055206.0,-0.1081625650153569,0.16706316947868452,2014-08-01,22.15144436252258
2010-09-18,15495,2014-09-01,1058684.0,0.003296038877716768,0.5086900262781379,2014-09-01,19.185385818620098
2010-09-19,11492,2014-10-01,907998.0,-0.14233331192310453,0.34687029966446836,2014-10-01,17.92895689197553
2010-09-20,20169,2014-11-01,715447.0,-0.21206103978202595,0.3915249753960937,2014-11-01,16.470880442576455
2010-09-21,22906,2014-12-01,579853.0,-0.18952347273802253,0.3061458478810295,2014-12-01,17.98138838636689
2010-09-22,23905,2015-01-01,583663.0,0.006570630832297151,0.18181505254419178,2015-01-01,15.270159321389226
2010-09-23,17729,2015-02-01,549278.0,-0.05891242035215527,0.050365242666462695,2015-02-01,15.348066006648727
2010-09-24,18053,2015-03-01,701384.0,0.27691988392034633,-0.0745252446349213,2015-03-01,16.64471673149088
2010-09-25,14010,2015-04-01,838543.0,0.1955547888175379,0.04092997389429361,2015-04-01,20.070469850681484
2010-09-26,7890,2015-05-01,899969.0,0.07325324998240997,0.010396212455470866,2015-05-01,20.652083571767474
2010-09-27,18789,2015-06-01,1039768.0,0.15533757273861656,-0.012165427006012884,2015-06-01,20.66863184864316
2010-09-28,21554,2015-07-01,1134816.0,0.09141269975609943,-0.040877903822066256,2015-07-01,22.927486922990152
2010-09-29,13899,2015-08-01,1042932.0,-0.08096819220032146,-0.01163185197961346,2015-08-01,24.0932879612477
2010-09-30,21823,2015-09-01,903429.0,-0.13376039856865068,-0.14664904730778966,2015-09-01,19.0
2010-10-01,11424,2015-10-01,885375.0,-0.019983861487731742,-0.024915253117297614,2015-10-01,18.6376699138783
2010-10-02,10704,2015-11-01,684518.0,-0.226860934632218,-0.04323031615200008,2015-11-01,15.882752535360648
2010-10-03,8237,2015-12-01,608164.0,-0.11154418145322695,0.04882444343652615,2015-12-01,18.138028558086308
2010-10-04,23688,2016-01-01,586325.0,-0.03590972171979927,0.004560851039041364,2016-01-01,15.618073593996506
2010-10-05,22054,2016-02-01,597641.0,0.019299876348441564,0.08804831069148955,2016-02-01,15.544289966719148
2010-10-06,20114,2016-03-01,664485.0,0.11184640946655267,-0.05260884194677951,2016-03-01,16.805243158235324
2010-10-07,24072,2016-04-01,763308.0,0.14872119009458454,-0.08972109957390378,2016-04-01,18.49145823180158
2010-10-08,22886,2016-05-01,1013666.0,0.3279907979478795,0.12633435151655223,2016-05-01,20.89875757892639
2010-10-09,14463,2016-06-01,963232.0,-0.049754061002342,-0.07360872810088405,2016-06-01,19.261604680907613
2010-10-10,14871,2016-07-01,1188428.0,0.23379206670874722,0.04724290105180047,2016-07-01,22.59931859565745
2010-10-11,21986,2016-08-01,1158393.0,-0.025272881487140995,0.1107080806802361,2016-08-01,22.466630927500432
2010-10-12,23016,2016-09-01,1053039.0,-0.09094840870067412,0.16560238823416118,2016-09-01,18.975128176639235
2010-10-13,22251,2016-10-01,945143.0,-0.10246154226006825,0.06750585909925173,2016-10-01,17.256973812428384
2010-10-14,21582,2016-11-01,711002.0,-0.24773076666705462,0.038689997925547615,2016-11-01,15.076846478631568
2010-10-15,20934,2016-12-01,658975.0,-0.07317419641576255,0.08354818765990753,2016-12-01,17.773194734246367
2010-10-16,12735,2017-01-01,638491.0,-0.031084639022724687,0.08897113375687546,2017-01-01,18.442106466653403
2010-10-17,12764,2017-02-01,618550.0,-0.03123145040415605,0.03498588617581458,2017-02-01,15.71519036456228
2010-10-18,20464,2017-03-01,819752.0,0.3252800905343141,0.23366516926642436,2017-03-01,16.91678092886629
2010-10-19,17964,2017-04-01,917716.0,0.11950443548780607,0.2022879361935156,2017-04-01,21.0
2010-10-20,20750,2017-05-01,992601.0,0.08159931830762458,-0.020781006761596027,2017-05-01,20.0
2010-10-21,21161,2017-06-01,1098294.0,0.10648085182263568,0.1402175176904422,2017-06-01,21.0
2010-10-22,20164,2017-07-01,1131838.0,0.030541913185358382,-0.047617524999410986,2017-07-01,21.0
2010-10-23,11584,2017-08-01,994199.0,-0.12160662568318081,-0.14174291453763965,2017-08-01,21.8902218516396
2010-10-24,11259,2017-09-01,934751.0,-0.05979487004110847,-0.11233012262603759,2017-09-01,18.763404115578
2010-10-25,18430,2017-10-01,973682.0,0.04164852458034279,0.030195430744342392,2017-10-01,17.9538324035881
2010-10-26,13950,2017-11-01,792082.0,-0.1865085315328824,0.11403624743671607,2017-11-01,15.9922330550896
2010-10-27,19559,2017-12-01,534088.0,-0.3257162768501241,-0.18951705299897567,2017-12-01,17.43017248230708
2010-10-28,19995,2018-01-01,645901.0,0.20935314030646635,0.011605488566009544,2018-01-01,16.0
2010-10-29,19119,2018-02-01,576425.0,-0.10756447195468036,-0.0681028211138954,2018-02-01,16.0
2010-10-30,13493,2018-03-01,604921.0,0.04943574619421434,-0.2620682840664006,2018-03-01,17.0
2010-10-31,8739,2018-04-01,824737.0,0.36337968098313667,-0.10131565756726482,2018-04-01,20.0
2010-11-01,19785,2018-05-01,1112686.0,0.34914039263425795,0.12098013199664316,2018-05-01,22.0
2010-11-02,21754,2018-06-01,1181642.0,0.06197256009332372,0.07588860541894975,2018-06-01,22.0
2010-11-03,27964,2018-07-01,1253102.0,0.060475169298315395,0.107139007525812,2018-07-01,23.0
2010-11-04,22424,2018-08-01,1058181.0,-0.15555078517151835,0.06435532524172725,2018-08-01,22.0
2010-11-05,15815,2018-09-01,1008201.0,-0.04723199528247058,0.07857707560623096,2018-09-01,19.0
2010-11-06,11877,2018-10-01,978290.0,-0.029667695231407228,0.0047325512847110245,2018-10-01,18.0
2010-11-07,9331,2018-11-01,738024.0,-0.24559793108382993,-0.0682479844258549,2018-11-01,16.0
2010-11-08,11328,2018-12-01,585430.0,-0.20676021375998613,0.09613022573059121,2018-12-01,18.0
2010-11-09,16026,2019-01-01,685798.0,0.17144321268127702,0.06176952814750248,2019-01-01,18.0
2010-11-10,19767,2019-02-01,698917.0,0.019129539602040252,0.21250292752743202,2019-02-01,20.0
2010-11-11,12901,2019-03-01,792272.0,0.13357093903854106,0.3097115160492031,2019-03-01,17.0
2010-11-12,14534,2019-04-01,890148.0,0.12353838075812347,0.07931134410121045,2019-04-01,17.0
2010-11-13,12123,2019-05-01,1006547.0,0.1307636482921941,-0.09538989436372886,2019-05-01,19.0
2010-11-14,6235,2019-06-01,1006434.0,-0.00011226500103820289,-0.14827502746178622,2019-06-01,22.0
2010-11-15,18086,2019-07-01,1152150.0,0.14478445680491717,-0.08056167813952894,2019-07-01,21.0
2010-11-16,18764,2019-08-01,1053921.0,-0.08525712797812784,-0.00402577630858993,2019-08-01,22.0
2010-11-17,17005,2019-09-01,965581.0,-0.08382032429375637,-0.042273316531128216,2019-09-01,19.0
2010-11-18,15974,2019-10-01,851999.0,-0.11763073217057916,-0.12909362254546197,2019-10-01,17.0
2010-11-19,18545,2019-11-01,729111.0,-0.1442349110738393,-0.012076843029494976,2019-11-01,15.0
2010-11-20,10806,2019-12-01,592077.0,-0.18794669124454302,0.01135404745230002,2019-12-01,17.0
2010-11-21,8356,2020-01-01,709514.0,0.19834751223236166,0.03458161149492999,2020-01-01,16.0
2010-11-22,17258,2020-02-01,640981.0,-0.09659146965387576,-0.08289396308860708,2020-02-01,19.0
2010-11-23,17427,2020-03-01,553341.0,-0.13672792173246945,-0.3015769836621766,2020-03-01,19.0
2010-11-24,18628,2020-04-01,591058.0,0.06816230859451948,-0.3360003055671641,2020-04-01,36.0
2010-11-25,16822,2020-05-01,1120620.0,0.8959560652254094,0.11333102180027362,2020-05-01,35.0
2010-11-26,16092,2020-06-01,1158021.0,0.033375274401670506,0.15061792427521328,2020-06-01,32.0
2010-11-27,7867,2020-07-01,1169418.0,0.009841790433852237,0.014987631818773597,2020-07-01,26.0
2010-11-28,6866,2020-08-01,1152864.0,-0.01415575953166447,0.09388085065199384,2020-08-01,24.0
2010-11-29,16681,2020-09-01,1137246.0,-0.013547131318178033,0.17778415275362708,2020-09-01,23.0
2010-11-30,9263,,,,,,
2010-12-01,9848,,,,,,
2010-12-02,7356,,,,,,
2010-12-03,8264,,,,,,
2010-12-04,7857,,,,,,
2010-12-05,8321,,,,,,
2010-12-06,13855,,,,,,
2010-12-07,15033,,,,,,
2010-12-08,15225,,,,,,
2010-12-09,16171,,,,,,
2010-12-10,15602,,,,,,
2010-12-11,10328,,,,,,
2010-12-12,8585,,,,,,
2010-12-13,14997,,,,,,
2010-12-14,15550,,,,,,
2010-12-15,13412,,,,,,
2010-12-16,10833,,,,,,
2010-12-17,10366,,,,,,
2010-12-18,2805,,,,,,
2010-12-19,2764,,,,,,
2010-12-20,6876,,,,,,
2010-12-21,7879,,,,,,
2010-12-22,9718,,,,,,
2010-12-23,8867,,,,,,
2010-12-24,5402,,,,,,
2010-12-25,5621,,,,,,
2010-12-26,4383,,,,,,
2010-12-27,3971,,,,,,
2010-12-28,3763,,,,,,
2010-12-29,7010,,,,,,
2010-12-30,7464,,,,,,
2010-12-31,7448,,,,,,
2011-01-01,4555,,,,,,
2011-01-02,6250,,,,,,
2011-01-03,7262,,,,,,
2011-01-04,13430,,,,,,
2011-01-05,13757,,,,,,
2011-01-06,9595,,,,,,
2011-01-07,9294,,,,,,
2011-01-08,9338,,,,,,
2011-01-09,10558,,,,,,
2011-01-10,16058,,,,,,
2011-01-11,16412,,,,,,
2011-01-12,13894,,,,,,
2011-01-13,15911,,,,,,
2011-01-14,14834,,,,,,
2011-01-15,11851,,,,,,
2011-01-16,10471,,,,,,
2011-01-17,10835,,,,,,
2011-01-18,17703,,,,,,
2011-01-19,18350,,,,,,
2011-01-20,17957,,,,,,
2011-01-21,16509,,,,,,
2011-01-22,10658,,,,,,
2011-01-23,9911,,,,,,
2011-01-24,17193,,,,,,
2011-01-25,17045,,,,,,
2011-01-26,16396,,,,,,
2011-01-27,16519,,,,,,
2011-01-28,15538,,,,,,
2011-01-29,9379,,,,,,
2011-01-30,9455,,,,,,
2011-01-31,16260,,,,,,
2011-02-01,16331,,,,,,
2011-02-02,18102,,,,,,
2011-02-03,15593,,,,,,
2011-02-04,14938,,,,,,
2011-02-05,8442,,,,,,
2011-02-06,9437,,,,,,
2011-02-07,16537,,,,,,
2011-02-08,19829,,,,,,
2011-02-09,18197,,,,,,
2011-02-10,11496,,,,,,
2011-02-11,16070,,,,,,
2011-02-12,12855,,,,,,
2011-02-13,7034,,,,,,
2011-02-14,17836,,,,,,
2011-02-15,15667,,,,,,
2011-02-16,18989,,,,,,
2011-02-17,18938,,,,,,
2011-02-18,17460,,,,,,
2011-02-19,6250,,,,,,
2011-02-20,7882,,,,,,
2011-02-21,13720,,,,,,
2011-02-22,15948,,,,,,
2011-02-23,12936,,,,,,
2011-02-24,19230,,,,,,
2011-02-25,18634,,,,,,
2011-02-26,7749,,,,,,
2011-02-27,8349,,,,,,
2011-02-28,13843,,,,,,
2011-03-01,15774,,,,,,
2011-03-02,16929,,,,,,
2011-03-03,16576,,,,,,
2011-03-04,16971,,,,,,
2011-03-05,9847,,,,,,
2011-03-06,7142,,,,,,
2011-03-07,16192,,,,,,
2011-03-08,17240,,,,,,
2011-03-09,18494,,,,,,
2011-03-10,18794,,,,,,
2011-03-11,19074,,,,,,
2011-03-12,15488,,,,,,
2011-03-13,10526,,,,,,
2011-03-14,19451,,,,,,
2011-03-15,19568,,,,,,
2011-03-16,19643,,,,,,
2011-03-17,20036,,,,,,
2011-03-18,14612,,,,,,
2011-03-19,17801,,,,,,
2011-03-20,14694,,,,,,
2011-03-21,20710,,,,,,
2011-03-22,21792,,,,,,
2011-03-23,23837,,,,,,
2011-03-24,23518,,,,,,
2011-03-25,24343,,,,,,
2011-03-26,16095,,,,,,
2011-03-27,17550,,,,,,
2011-03-28,21602,,,,,,
2011-03-29,22080,,,,,,
2011-03-30,18945,,,,,,
2011-03-31,20831,,,,,,
2011-04-01,22048,,,,,,
2011-04-02,19829,,,,,,
2011-04-03,17294,,,,,,
2011-04-04,20949,,,,,,
2011-04-05,16690,,,,,,
2011-04-06,25597,,,,,,
2011-04-07,25451,,,,,,
2011-04-08,26622,,,,,,
2011-04-09,22323,,,,,,
2011-04-10,21346,,,,,,
2011-04-11,22204,,,,,,
2011-04-12,23651,,,,,,
2011-04-13,18909,,,,,,
2011-04-14,22346,,,,,,
2011-04-15,22974,,,,,,
2011-04-16,19632,,,,,,
2011-04-17,22009,,,,,,
2011-04-18,24032,,,,,,
2011-04-19,27914,,,,,,
2011-04-20,27934,,,,,,
2011-04-21,26547,,,,,,
2011-04-22,23719,,,,,,
2011-04-23,19182,,,,,,
2011-04-24,21313,,,,,,
2011-04-25,21669,,,,,,
2011-04-26,22038,,,,,,
2011-04-27,24349,,,,,,
2011-04-28,23794,,,,,,
2011-04-29,19700,,,,,,
2011-04-30,21574,,,,,,
2011-05-01,19489,,,,,,
2011-05-02,18126,,,,,,
2011-05-03,23786,,,,,,
2011-05-04,26183,,,,,,
2011-05-05,23620,,,,,,
2011-05-06,28971,,,,,,
2011-05-07,22274,,,,,,
2011-05-08,21011,,,,,,
2011-05-09,27172,,,,,,
2011-05-10,29417,,,,,,
2011-05-11,27205,,,,,,
2011-05-12,23461,,,,,,
2011-05-13,23991,,,,,,
2011-05-14,21100,,,,,,
2011-05-15,19097,,,,,,
2011-05-16,24620,,,,,,
2011-05-17,25464,,,,,,
2011-05-18,23068,,,,,,
2011-05-19,27534,,,,,,
2011-05-20,27523,,,,,,
2011-05-21,24408,,,,,,
2011-05-22,19348,,,,,,
2011-05-23,24268,,,,,,
2011-05-24,27768,,,,,,
2011-05-25,28708,,,,,,
2011-05-26,18055,,,,,,
2011-05-27,22907,,,,,,
2011-05-28,15693,,,,,,
2011-05-29,18396,,,,,,
2011-05-30,16097,,,,,,
2011-05-31,23312,,,,,,
2011-06-01,26054,,,,,,
2011-06-02,26920,,,,,,
2011-06-03,26641,,,,,,
2011-06-04,15233,,,,,,
2011-06-05,8420,,,,,,
2011-06-06,13812,,,,,,
2011-06-07,22378,,,,,,
2011-06-08,23013,,,,,,
2011-06-09,25061,,,,,,
2011-06-10,20141,,,,,,
2011-06-11,21059,,,,,,
2011-06-12,6061,,,,,,
2011-06-13,23978,,,,,,
2011-06-14,28889,,,,,,
2011-06-15,25643,,,,,,
2011-06-16,17566,,,,,,
2011-06-17,15723,,,,,,
2011-06-18,13721,,,,,,
2011-06-19,17092,,,,,,
2011-06-20,20101,,,,,,
2011-06-21,26780,,,,,,
2011-06-22,22745,,,,,,
2011-06-23,24559,,,,,,
2011-06-24,22137,,,,,,
2011-06-25,17944,,,,,,
2011-06-26,23483,,,,,,
2011-06-27,26243,,,,,,
2011-06-28,21950,,,,,,
2011-06-29,28073,,,,,,
2011-06-30,27297,,,,,,
2011-07-01,27758,,,,,,
2011-07-02,22764,,,,,,
2011-07-03,21423,,,,,,
2011-07-04,27332,,,,,,
2011-07-05,24802,,,,,,
2011-07-06,26207,,,,,,
2011-07-07,20483,,,,,,
2011-07-08,19485,,,,,,
2011-07-09,21360,,,,,,
2011-07-10,20203,,,,,,
2011-07-11,26355,,,,,,
2011-07-12,26633,,,,,,
2011-07-13,25417,,,,,,
2011-07-14,26479,,,,,,
2011-07-15,27114,,,,,,
2011-07-16,10224,,,,,,
2011-07-17,10965,,,,,,
2011-07-18,18541,,,,,,
2011-07-19,21218,,,,,,
2011-07-20,21580,,,,,,
2011-07-21,20951,,,,,,
2011-07-22,25172,,,,,,
2011-07-23,20264,,,,,,
2011-07-24,22464,,,,,,
2011-07-25,25185,,,,,,
2011-07-26,25636,,,,,,
2011-07-27,24989,,,,,,
2011-07-28,26759,,,,,,
2011-07-29,25373,,,,,,
2011-07-30,23930,,,,,,
2011-07-31,21388,,,,,,
2011-08-01,22940,,,,,,
2011-08-02,24290,,,,,,
2011-08-03,26120,,,,,,
2011-08-04,15149,,,,,,
2011-08-05,26792,,,,,,
2011-08-06,20485,,,,,,
2011-08-07,14912,,,,,,
2011-08-08,23489,,,,,,
2011-08-09,23011,,,,,,
2011-08-10,24182,,,,,,
2011-08-11,20573,,,,,,
2011-08-12,22971,,,,,,
2011-08-13,20731,,,,,,
2011-08-14,21115,,,,,,
2011-08-15,23657,,,,,,
2011-08-16,24899,,,,,,
2011-08-17,23010,,,,,,
2011-08-18,16139,,,,,,
2011-08-19,25444,,,,,,
2011-08-20,17334,,,,,,
2011-08-21,21836,,,,,,
2011-08-22,25222,,,,,,
2011-08-23,10953,,,,,,
2011-08-24,22883,,,,,,
2011-08-25,20026,,,,,,
2011-08-26,12368,,,,,,
2011-08-27,14045,,,,,,
2011-08-28,15908,,,,,,
2011-08-29,17443,,,,,,
2011-08-30,21477,,,,,,
2011-08-31,23036,,,,,,
2011-09-01,25110,,,,,,
2011-09-02,25981,,,,,,
2011-09-03,24578,,,,,,
2011-09-04,14967,,,,,,
2011-09-05,21776,,,,,,
2011-09-06,13863,,,,,,
2011-09-07,22746,,,,,,
2011-09-08,23679,,,,,,
2011-09-09,23957,,,,,,
2011-09-10,20069,,,,,,
2011-09-11,17719,,,,,,
2011-09-12,21572,,,,,,
2011-09-13,23962,,,,,,
2011-09-14,25824,,,,,,
2011-09-15,25803,,,,,,
2011-09-16,25567,,,,,,
2011-09-17,15147,,,,,,
2011-09-18,17327,,,,,,
2011-09-19,23708,,,,,,
2011-09-20,23676,,,,,,
2011-09-21,22730,,,,,,
2011-09-22,24601,,,,,,
2011-09-23,25114,,,,,,
2011-09-24,22113,,,,,,
2011-09-25,21211,,,,,,
2011-09-26,20527,,,,,,
2011-09-27,24841,,,,,,
2011-09-28,28434,,,,,,
2011-09-29,29039,,,,,,
2011-09-30,29139,,,,,,
2011-10-01,27129,,,,,,
2011-10-02,26906,,,,,,
2011-10-03,27559,,,,,,
2011-10-04,26131,,,,,,
2011-10-05,26263,,,,,,
2011-10-06,25083,,,,,,
2011-10-07,24529,,,,,,
2011-10-08,18154,,,,,,
2011-10-09,17643,,,,,,
2011-10-10,24198,,,,,,
2011-10-11,26184,,,,,,
2011-10-12,26323,,,,,,
2011-10-13,25149,,,,,,
2011-10-14,26542,,,,,,
2011-10-15,23663,,,,,,
2011-10-16,18530,,,,,,
2011-10-17,23892,,,,,,
2011-10-18,23791,,,,,,
2011-10-19,23259,,,,,,
2011-10-20,23157,,,,,,
2011-10-21,23253,,,,,,
2011-10-22,20482,,,,,,
2011-10-23,18560,,,,,,
2011-10-24,22842,,,,,,
2011-10-25,22771,,,,,,
2011-10-26,17621,,,,,,
2011-10-27,19360,,,,,,
2011-10-28,23158,,,,,,
2011-10-29,18228,,,,,,
2011-10-30,15443,,,,,,
2011-10-31,22999,,,,,,
2011-11-01,22747,,,,,,
2011-11-02,23724,,,,,,
2011-11-03,18676,,,,,,
2011-11-04,18774,,,,,,
2011-11-05,16434,,,,,,
2011-11-06,14317,,,,,,
2011-11-07,20365,,,,,,
2011-11-08,19231,,,,,,
2011-11-09,22542,,,,,,
2011-11-10,23475,,,,,,
2011-11-11,21140,,,,,,
2011-11-12,18933,,,,,,
2011-11-13,17744,,,,,,
2011-11-14,19913,,,,,,
2011-11-15,22245,,,,,,
2011-11-16,21639,,,,,,
2011-11-17,22802,,,,,,
2011-11-18,22461,,,,,,
2011-11-19,18706,,,,,,
2011-11-20,14829,,,,,,
2011-11-21,20824,,,,,,
2011-11-22,20341,,,,,,
2011-11-23,21855,,,,,,
2011-11-24,21870,,,,,,
2011-11-25,21598,,,,,,
2011-11-26,15803,,,,,,
2011-11-27,14362,,,,,,
2011-11-28,20167,,,,,,
2011-11-29,18718,,,,,,
2011-11-30,20956,,,,,,
2011-12-01,16481,,,,,,
2011-12-02,19146,,,,,,
2011-12-03,13776,,,,,,
2011-12-04,10276,,,,,,
2011-12-05,18176,,,,,,
2011-12-06,18943,,,,,,
2011-12-07,19279,,,,,,
2011-12-08,17313,,,,,,
2011-12-09,18421,,,,,,
2011-12-10,11864,,,,,,
2011-12-11,8368,,,,,,
2011-12-12,16554,,,,,,
2011-12-13,17111,,,,,,
2011-12-14,17543,,,,,,
2011-12-15,17081,,,,,,
2011-12-16,11778,,,,,,
2011-12-17,8925,,,,,,
2011-12-18,7485,,,,,,
2011-12-19,11270,,,,,,
2011-12-20,15685,,,,,,
2011-12-21,14158,,,,,,
2011-12-22,15099,,,,,,
2011-12-23,9131,,,,,,
2011-12-24,4890,,,,,,
2011-12-25,17998,,,,,,
2011-12-26,10953,,,,,,
2011-12-27,8076,,,,,,
2011-12-28,9888,,,,,,
2011-12-29,8368,,,,,,
2011-12-30,6900,,,,,,
2011-12-31,7793,,,,,,
2012-01-01,5171,,,,,,
2012-01-02,9091,,,,,,
2012-01-03,10094,,,,,,
2012-01-04,13936,,,,,,
2012-01-05,14191,,,,,,
2012-01-06,17713,,,,,,
2012-01-07,12556,,,,,,
2012-01-08,10487,,,,,,
2012-01-09,19472,,,,,,
2012-01-10,20548,,,,,,
2012-01-11,20958,,,,,,
2012-01-12,20879,,,,,,
2012-01-13,19691,,,,,,
2012-01-14,13843,,,,,,
2012-01-15,12149,,,,,,
2012-01-16,19136,,,,,,
2012-01-17,20170,,,,,,
2012-01-18,17972,,,,,,
2012-01-19,15441,,,,,,
2012-01-20,18703,,,,,,
2012-01-21,13339,,,,,,
2012-01-22,12845,,,,,,
2012-01-23,20193,,,,,,
2012-01-24,13269,,,,,,
2012-01-25,20836,,,,,,
2012-01-26,19515,,,,,,
2012-01-27,20775,,,,,,
2012-01-28,13272,,,,,,
2012-01-29,10949,,,,,,
2012-01-30,18955,,,,,,
2012-01-31,18176,,,,,,
2012-02-01,18208,,,,,,
2012-02-02,16916,,,,,,
2012-02-03,16185,,,,,,
2012-02-04,8348,,,,,,
2012-02-05,3531,,,,,,
2012-02-06,15202,,,,,,
2012-02-07,17722,,,,,,
2012-02-08,16442,,,,,,
2012-02-09,16363,,,,,,
2012-02-10,15117,,,,,,
2012-02-11,9912,,,,,,
2012-02-12,8020,,,,,,
2012-02-13,13172,,,,,,
2012-02-14,17946,,,,,,
2012-02-15,19396,,,,,,
2012-02-16,19505,,,,,,
2012-02-17,19444,,,,,,
2012-02-18,9463,,,,,,
2012-02-19,12655,,,,,,
2012-02-20,18802,,,,,,
2012-02-21,20861,,,,,,
2012-02-22,18112,,,,,,
2012-02-23,23391,,,,,,
2012-02-24,22067,,,,,,
2012-02-25,19349,,,,,,
2012-02-26,17646,,,,,,
2012-02-27,20936,,,,,,
2012-02-28,23423,,,,,,
2012-02-29,23692,,,,,,
2012-03-01,25116,,,,,,
2012-03-02,21928,,,,,,
2012-03-03,17697,,,,,,
2012-03-04,5062,,,,,,
2012-03-05,19342,,,,,,
2012-03-06,21102,,,,,,
2012-03-07,17096,,,,,,
2012-03-08,24123,,,,,,
2012-03-09,23609,,,,,,
2012-03-10,24721,,,,,,
2012-03-11,27758,,,,,,
2012-03-12,28856,,,,,,
2012-03-13,27528,,,,,,
2012-03-14,28296,,,,,,
2012-03-15,29969,,,,,,
2012-03-16,26452,,,,,,
2012-03-17,13391,,,,,,
2012-03-18,19184,,,,,,
2012-03-19,28391,,,,,,
2012-03-20,30817,,,,,,
2012-03-21,31175,,,,,,
2012-03-22,31135,,,,,,
2012-03-23,33635,,,,,,
2012-03-24,35091,,,,,,
2012-03-25,28607,,,,,,
2012-03-26,32368,,,,,,
2012-03-27,34563,,,,,,
2012-03-28,36539,,,,,,
2012-03-29,35954,,,,,,
2012-03-30,35666,,,,,,
2012-03-31,23038,,,,,,
2012-04-01,30513,,,,,,
2012-04-02,32142,,,,,,
2012-04-03,25956,,,,,,
2012-04-04,27912,,,,,,
2012-04-05,24383,,,,,,
2012-04-06,22354,,,,,,
2012-04-07,16848,,,,,,
2012-04-08,15717,,,,,,
2012-04-09,6214,,,,,,
2012-04-10,24898,,,,,,
2012-04-11,29345,,,,,,
2012-04-12,25772,,,,,,
2012-04-13,27673,,,,,,
2012-04-14,26193,,,,,,
2012-04-15,10188,,,,,,
2012-04-16,28188,,,,,,
2012-04-17,20105,,,,,,
2012-04-18,16651,,,,,,
2012-04-19,18759,,,,,,
2012-04-20,22730,,,,,,
2012-04-21,22014,,,,,,
2012-04-22,19707,,,,,,
2012-04-23,19262,,,,,,
2012-04-24,27522,,,,,,
2012-04-25,12737,,,,,,
2012-04-26,21740,,,,,,
2012-04-27,24263,,,,,,
2012-04-28,7827,,,,,,
2012-04-29,9951,,,,,,
2012-04-30,31909,,,,,,
2012-05-01,24523,,,,,,
2012-05-02,28381,,,,,,
2012-05-03,23768,,,,,,
2012-05-04,25503,,,,,,
2012-05-05,16009,,,,,,
2012-05-06,17160,,,,,,
2012-05-07,15227,,,,,,
2012-05-08,28585,,,,,,
2012-05-09,21758,,,,,,
2012-05-10,26164,,,,,,
2012-05-11,31385,,,,,,
2012-05-12,30699,,,,,,
2012-05-13,28778,,,,,,
2012-05-14,23344,,,,,,
2012-05-15,18409,,,,,,
2012-05-16,31453,,,,,,
2012-05-17,31219,,,,,,
2012-05-18,30945,,,,,,
2012-05-19,28474,,,,,,
2012-05-20,22286,,,,,,
2012-05-21,30905,,,,,,
2012-05-22,36720,,,,,,
2012-05-23,40486,,,,,,
2012-05-24,42008,,,,,,
2012-05-25,41357,,,,,,
2012-05-26,39358,,,,,,
2012-05-27,38781,,,,,,
2012-05-28,40872,,,,,,
2012-05-29,37962,,,,,,
2012-05-30,38803,,,,,,
2012-05-31,35630,,,,,,
2012-06-01,34524,,,,,,
2012-06-02,25283,,,,,,
2012-06-03,12207,,,,,,
2012-06-04,22649,,,,,,
2012-06-05,15537,,,,,,
2012-06-06,30297,,,,,,
2012-06-07,23066,,,,,,
2012-06-08,22224,,,,,,
2012-06-09,29258,,,,,,
2012-06-10,20876,,,,,,
2012-06-11,10252,,,,,,
2012-06-12,23742,,,,,,
2012-06-13,34447,,,,,,
2012-06-14,31593,,,,,,
2012-06-15,30944,,,,,,
2012-06-16,26300,,,,,,
2012-06-17,28531,,,,,,
2012-06-18,31089,,,,,,
2012-06-19,37601,,,,,,
2012-06-20,39267,,,,,,
2012-06-21,27052,,,,,,
2012-06-22,33027,,,,,,
2012-06-23,26900,,,,,,
2012-06-24,23509,,,,,,
2012-06-25,36337,,,,,,
2012-06-26,37652,,,,,,
2012-06-27,36767,,,,,,
2012-06-28,39571,,,,,,
2012-06-29,35321,,,,,,
2012-06-30,32982,,,,,,
2012-07-01,27438,,,,,,
2012-07-02,24963,,,,,,
2012-07-03,27163,,,,,,
2012-07-04,32433,,,,,,
2012-07-05,40565,,,,,,
2012-07-06,24723,,,,,,
2012-07-07,24782,,,,,,
2012-07-08,15855,,,,,,
2012-07-09,30523,,,,,,
2012-07-10,29723,,,,,,
2012-07-11,30544,,,,,,
2012-07-12,24736,,,,,,
2012-07-13,28875,,,,,,
2012-07-14,17999,,,,,,
2012-07-15,29938,,,,,,
2012-07-16,24218,,,,,,
2012-07-17,36788,,,,,,
2012-07-18,29841,,,,,,
2012-07-19,37032,,,,,,
2012-07-20,31187,,,,,,
2012-07-21,34776,,,,,,
2012-07-22,38620,,,,,,
2012-07-23,42309,,,,,,
2012-07-24,45748,,,,,,
2012-07-25,45024,,,,,,
2012-07-26,46891,,,,,,
2012-07-27,42815,,,,,,
2012-07-28,44617,,,,,,
2012-07-29,26352,,,,,,
2012-07-30,41891,,,,,,
2012-07-31,35805,,,,,,
2012-08-01,41603,,,,,,
2012-08-02,43183,,,,,,
2012-08-03,43045,,,,,,
2012-08-04,39082,,,,,,
2012-08-05,30150,,,,,,
2012-08-06,37198,,,,,,
2012-08-07,38134,,,,,,
2012-08-08,42263,,,,,,
2012-08-09,46050,,,,,,
2012-08-10,47102,,,,,,
2012-08-11,44111,,,,,,
2012-08-12,41734,,,,,,
2012-08-13,36101,,,,,,
2012-08-14,41532,,,,,,
2012-08-15,36557,,,,,,
2012-08-16,38181,,,,,,
2012-08-17,40821,,,,,,
2012-08-18,40577,,,,,,
2012-08-19,35370,,,,,,
2012-08-20,37997,,,,,,
2012-08-21,39185,,,,,,
2012-08-22,39962,,,,,,
2012-08-23,36578,,,,,,
2012-08-24,33329,,,,,,
2012-08-25,17802,,,,,,
2012-08-26,31939,,,,,,
2012-08-27,27522,,,,,,
2012-08-28,37362,,,,,,
2012-08-29,30916,,,,,,
2012-08-30,30379,,,,,,
2012-08-31,37406,,,,,,
2012-09-01,33123,,,,,,
2012-09-02,27997,,,,,,
2012-09-03,39941,,,,,,
2012-09-04,40298,,,,,,
2012-09-05,40606,,,,,,
2012-09-06,39864,,,,,,
2012-09-07,41414,,,,,,
2012-09-08,40978,,,,,,
2012-09-09,39006,,,,,,
2012-09-10,35489,,,,,,
2012-09-11,37276,,,,,,
2012-09-12,35654,,,,,,
2012-09-13,37938,,,,,,
2012-09-14,36653,,,,,,
2012-09-15,36493,,,,,,
2012-09-16,29785,,,,,,
2012-09-17,35954,,,,,,
2012-09-18,37026,,,,,,
2012-09-19,36136,,,,,,
2012-09-20,35929,,,,,,
2012-09-21,32347,,,,,,
2012-09-22,33867,,,,,,
2012-09-23,8452,,,,,,
2012-09-24,21229,,,,,,
2012-09-25,33706,,,,,,
2012-09-26,27202,,,,,,
2012-09-27,32416,,,,,,
2012-09-28,31880,,,,,,
2012-09-29,31223,,,,,,
2012-09-30,25263,,,,,,
2012-10-01,23627,,,,,,
2012-10-02,30107,,,,,,
2012-10-03,32695,,,,,,
2012-10-04,35136,,,,,,
2012-10-05,23773,,,,,,
2012-10-06,30424,,,,,,
2012-10-07,27168,,,,,,
2012-10-08,22984,,,,,,
2012-10-09,32965,,,,,,
2012-10-10,35221,,,,,,
2012-10-11,25324,,,,,,
2012-10-12,31694,,,,,,
2012-10-13,26289,,,,,,
2012-10-14,25440,,,,,,
2012-10-15,30558,,,,,,
2012-10-16,33253,,,,,,
2012-10-17,30285,,,,,,
2012-10-18,32566,,,,,,
2012-10-19,21001,,,,,,
2012-10-20,25411,,,,,,
2012-10-21,15563,,,,,,
2012-10-22,27294,,,,,,
2012-10-23,31996,,,,,,
2012-10-24,33882,,,,,,
2012-10-25,29515,,,,,,
2012-10-26,26404,,,,,,
2012-10-27,17144,,,,,,
2012-10-28,15305,,,,,,
2012-10-29,24276,,,,,,
2012-10-30,30325,,,,,,
2012-10-31,29241,,,,,,
2012-11-01,26888,,,,,,
2012-11-02,28748,,,,,,
2012-11-03,21498,,,,,,
2012-11-04,11693,,,,,,
2012-11-05,27666,,,,,,
2012-11-06,27038,,,,,,
2012-11-07,29537,,,,,,
2012-11-08,29895,,,,,,
2012-11-09,29349,,,,,,
2012-11-10,18018,,,,,,
2012-11-11,20971,,,,,,
2012-11-12,23680,,,,,,
2012-11-13,30511,,,,,,
2012-11-14,31453,,,,,,
2012-11-15,30165,,,,,,
2012-11-16,28143,,,,,,
2012-11-17,20325,,,,,,
2012-11-18,21664,,,,,,
2012-11-19,28127,,,,,,
2012-11-20,25921,,,,,,
2012-11-21,20554,,,,,,
2012-11-22,27783,,,,,,
2012-11-23,27973,,,,,,
2012-11-24,8902,,,,,,
2012-11-25,16894,,,,,,
2012-11-26,20656,,,,,,
2012-11-27,20388,,,,,,
2012-11-28,21403,,,,,,
2012-11-29,26212,,,,,,
2012-11-30,24838,,,,,,
2012-12-01,16068,,,,,,
2012-12-02,15227,,,,,,
2012-12-03,23592,,,,,,
2012-12-04,26144,,,,,,
2012-12-05,23111,,,,,,
2012-12-06,22645,,,,,,
2012-12-07,20140,,,,,,
2012-12-08,17805,,,,,,
2012-12-09,14147,,,,,,
2012-12-10,23937,,,,,,
2012-12-11,23531,,,,,,
2012-12-12,22344,,,,,,
2012-12-13,21704,,,,,,
2012-12-14,17085,,,,,,
2012-12-15,16962,,,,,,
2012-12-16,14128,,,,,,
2012-12-17,22899,,,,,,
2012-12-18,23651,,,,,,
2012-12-19,16828,,,,,,
2012-12-20,12401,,,,,,
2012-12-21,20395,,,,,,
2012-12-22,5644,,,,,,
2012-12-23,9184,,,,,,
2012-12-24,7985,,,,,,
2012-12-25,16816,,,,,,
2012-12-26,10405,,,,,,
2012-12-27,9013,,,,,,
2012-12-28,10947,,,,,,
2012-12-29,8498,,,,,,
2012-12-30,11343,,,,,,
2012-12-31,8865,,,,,,
2013-01-01,12149,,,,,,
2013-01-02,16203,,,,,,
2013-01-03,21269,,,,,,
2013-01-04,22435,,,,,,
2013-01-05,16242,,,,,,
2013-01-06,13622,,,,,,
2013-01-07,23348,,,,,,
2013-01-08,25909,,,,,,
2013-01-09,25341,,,,,,
2013-01-10,24363,,,,,,
2013-01-11,23869,,,,,,
2013-01-12,13562,,,,,,
2013-01-13,12260,,,,,,
2013-01-14,17427,,,,,,
2013-01-15,22797,,,,,,
2013-01-16,22460,,,,,,
2013-01-17,22210,,,,,,
2013-01-18,13108,,,,,,
2013-01-19,7843,,,,,,
2013-01-20,3728,,,,,,
2013-01-21,13467,,,,,,
2013-01-22,18061,,,,,,
2013-01-23,19404,,,,,,
2013-01-24,20721,,,,,,
2013-01-25,20178,,,,,,
2013-01-26,14595,,,,,,
2013-01-27,13689,,,,,,
2013-01-28,18689,,,,,,
2013-01-29,21268,,,,,,
2013-01-30,23415,,,,,,
2013-01-31,21957,,,,,,
2013-02-01,18081,,,,,,
2013-02-02,15757,,,,,,
2013-02-03,13572,,,,,,
2013-02-04,23017,,,,,,
2013-02-05,21177,,,,,,
2013-02-06,20664,,,,,,
2013-02-07,20852,,,,,,
2013-02-08,20571,,,,,,
2013-02-09,11274,,,,,,
2013-02-10,4901,,,,,,
2013-02-11,13468,,,,,,
2013-02-12,20342,,,,,,
2013-02-13,21051,,,,,,
2013-02-14,21034,,,,,,
2013-02-15,22952,,,,,,
2013-02-16,19072,,,,,,
2013-02-17,19044,,,,,,
2013-02-18,22724,,,,,,
2013-02-19,24525,,,,,,
2013-02-20,20938,,,,,,
2013-02-21,19757,,,,,,
2013-02-22,18313,,,,,,
2013-02-23,11234,,,,,,
2013-02-24,9404,,,,,,
2013-02-25,19800,,,,,,
2013-02-26,19595,,,,,,
2013-02-27,21484,,,,,,
2013-02-28,21985,,,,,,
2013-03-01,19487,,,,,,
2013-03-02,15265,,,,,,
2013-03-03,14520,,,,,,
2013-03-04,23036,,,,,,
2013-03-05,27054,,,,,,
2013-03-06,24324,,,,,,
2013-03-07,17322,,,,,,
2013-03-08,13843,,,,,,
2013-03-09,14244,,,,,,
2013-03-10,10163,,,,,,
2013-03-11,16546,,,,,,
2013-03-12,18794,,,,,,
2013-03-13,20245,,,,,,
2013-03-14,21984,,,,,,
2013-03-15,17159,,,,,,
2013-03-16,9190,,,,,,
2013-03-17,7940,,,,,,
2013-03-18,15852,,,,,,
2013-03-19,22479,,,,,,
2013-03-20,22216,,,,,,
2013-03-21,22061,,,,,,
2013-03-22,16233,,,,,,
2013-03-23,5249,,,,,,
2013-03-24,6786,,,,,,
2013-03-25,17290,,,,,,
2013-03-26,18384,,,,,,
2013-03-27,19184,,,,,,
2013-03-28,18052,,,,,,
2013-03-29,10909,,,,,,
2013-03-30,9793,,,,,,
2013-03-31,9007,,,,,,
2013-04-01,9421,,,,,,
2013-04-02,19148,,,,,,
2013-04-03,17801,,,,,,
2013-04-04,15626,,,,,,
2013-04-05,18059,,,,,,
2013-04-06,18216,,,,,,
2013-04-07,18090,,,,,,
2013-04-08,21797,,,,,,
2013-04-09,17555,,,,,,
2013-04-10,22233,,,,,,
2013-04-11,19240,,,,,,
2013-04-12,15100,,,,,,
2013-04-13,11291,,,,,,
2013-04-14,25074,,,,,,
2013-04-15,24923,,,,,,
2013-04-16,26060,,,,,,
2013-04-17,25730,,,,,,
2013-04-18,23979,,,,,,
2013-04-19,24297,,,,,,
2013-04-20,26724,,,,,,
2013-04-21,22466,,,,,,
2013-04-22,25384,,,,,,
2013-04-23,31359,,,,,,
2013-04-24,30193,,,,,,
2013-04-25,32000,,,,,,
2013-04-26,23125,,,,,,
2013-04-27,17337,,,,,,
2013-04-28,19139,,,,,,
2013-04-29,27644,,,,,,
2013-04-30,29219,,,,,,
2013-05-01,31175,,,,,,
2013-05-02,31239,,,,,,
2013-05-03,31340,,,,,,
2013-05-04,19156,,,,,,
2013-05-05,24342,,,,,,
2013-05-06,29015,,,,,,
2013-05-07,30707,,,,,,
2013-05-08,26032,,,,,,
2013-05-09,24250,,,,,,
2013-05-10,26399,,,,,,
2013-05-11,16627,,,,,,
2013-05-12,15918,,,,,,
2013-05-13,24836,,,,,,
2013-05-14,18054,,,,,,
2013-05-15,24015,,,,,,
2013-05-16,26070,,,,,,
2013-05-17,24932,,,,,,
2013-05-18,22272,,,,,,
2013-05-19,23994,,,,,,
2013-05-20,25914,,,,,,
2013-05-21,27649,,,,,,
2013-05-22,26967,,,,,,
2013-05-23,24701,,,,,,
2013-05-24,12891,,,,,,
2013-05-25,21087,,,,,,
2013-05-26,27251,,,,,,
2013-05-27,25819,,,,,,
2013-05-28,14556,,,,,,
2013-05-29,21440,,,,,,
2013-05-30,22150,,,,,,
2013-05-31,29136,,,,,,
2013-06-01,24782,,,,,,
2013-06-02,27202,,,,,,
2013-06-03,29940,,,,,,
2013-06-04,32397,,,,,,
2013-06-05,32488,,,,,,
2013-06-06,32829,,,,,,
2013-06-07,28762,,,,,,
2013-06-08,27264,,,,,,
2013-06-09,19429,,,,,,
2013-06-10,27336,,,,,,
2013-06-11,26601,,,,,,
2013-06-12,24401,,,,,,
2013-06-13,26388,,,,,,
2013-06-14,28797,,,,,,
2013-06-15,16020,,,,,,
2013-06-16,19970,,,,,,
2013-06-17,28611,,,,,,
2013-06-18,30871,,,,,,
2013-06-19,31899,,,,,,
2013-06-20,29959,,,,,,
2013-06-21,28844,,,,,,
2013-06-22,19483,,,,,,
2013-06-23,19006,,,,,,
2013-06-24,27636,,,,,,
2013-06-25,31889,,,,,,
2013-06-26,31156,,,,,,
2013-06-27,27306,,,,,,
2013-06-28,22074,,,,,,
2013-06-29,29054,,,,,,
2013-06-30,31237,,,,,,
2013-07-01,31151,,,,,,
2013-07-02,30163,,,,,,
2013-07-03,30780,,,,,,
2013-07-04,32941,,,,,,
2013-07-05,34704,,,,,,
2013-07-06,34191,,,,,,
2013-07-07,31363,,,,,,
2013-07-08,34263,,,,,,
2013-07-09,35519,,,,,,
2013-07-10,33629,,,,,,
2013-07-11,33792,,,,,,
2013-07-12,33173,,,,,,
2013-07-13,33509,,,,,,
2013-07-14,32169,,,,,,
2013-07-15,34419,,,,,,
2013-07-16,35580,,,,,,
2013-07-17,35203,,,,,,
2013-07-18,35330,,,,,,
2013-07-19,35196,,,,,,
2013-07-20,28332,,,,,,
2013-07-21,30075,,,,,,
2013-07-22,33176,,,,,,
2013-07-23,31624,,,,,,
2013-07-24,34038,,,,,,
2013-07-25,33683,,,,,,
2013-07-26,34681,,,,,,
2013-07-27,25761,,,,,,
2013-07-28,28177,,,,,,
2013-07-29,30415,,,,,,
2013-07-30,22742,,,,,,
2013-07-31,28976,,,,,,
2013-08-01,34770,,,,,,
2013-08-02,29109,,,,,,
2013-08-03,34928,,,,,,
2013-08-04,32580,,,,,,
2013-08-05,23864,,,,,,
2013-08-06,33631,,,,,,
2013-08-07,33084,,,,,,
2013-08-08,33737,,,,,,
2013-08-09,28206,,,,,,
2013-08-10,28830,,,,,,
2013-08-11,29530,,,,,,
2013-08-12,30425,,,,,,
2013-08-13,30933,,,,,,
2013-08-14,31412,,,,,,
2013-08-15,30865,,,,,,
2013-08-16,25555,,,,,,
2013-08-17,23931,,,,,,
2013-08-18,26910,,,,,,
2013-08-19,31183,,,,,,
2013-08-20,33578,,,,,,
2013-08-21,33214,,,,,,
2013-08-22,22363,,,,,,
2013-08-23,30665,,,,,,
2013-08-24,7341,,,,,,
2013-08-25,21638,,,,,,
2013-08-26,27802,,,,,,
2013-08-27,29563,,,,,,
2013-08-28,32024,,,,,,
2013-08-29,31639,,,,,,
2013-08-30,31127,,,,,,
2013-08-31,29718,,,,,,
2013-09-01,23856,,,,,,
2013-09-02,31292,,,,,,
2013-09-03,31600,,,,,,
2013-09-04,33406,,,,,,
2013-09-05,33574,,,,,,
2013-09-06,20930,,,,,,
2013-09-07,21279,,,,,,
2013-09-08,18046,,,,,,
2013-09-09,17943,,,,,,
2013-09-10,24558,,,,,,
2013-09-11,23386,,,,,,
2013-09-12,24246,,,,,,
2013-09-13,15392,,,,,,
2013-09-14,12977,,,,,,
2013-09-15,4826,,,,,,
2013-09-16,21892,,,,,,
2013-09-17,18428,,,,,,
2013-09-18,25319,,,,,,
2013-09-19,18746,,,,,,
2013-09-20,26196,,,,,,
2013-09-21,21988,,,,,,
2013-09-22,22683,,,,,,
2013-09-23,26625,,,,,,
2013-09-24,28666,,,,,,
2013-09-25,28183,,,,,,
2013-09-26,28857,,,,,,
2013-09-27,27371,,,,,,
2013-09-28,21716,,,,,,
2013-09-29,20654,,,,,,
2013-09-30,27089,,,,,,
2013-10-01,27711,,,,,,
2013-10-02,26467,,,,,,
2013-10-03,25153,,,,,,
2013-10-04,26522,,,,,,
2013-10-05,22996,,,,,,
2013-10-06,25143,,,,,,
2013-10-07,26680,,,,,,
2013-10-08,27598,,,,,,
2013-10-09,26433,,,,,,
2013-10-10,23497,,,,,,
2013-10-11,15640,,,,,,
2013-10-12,17068,,,,,,
2013-10-13,7068,,,,,,
2013-10-14,18979,,,,,,
2013-10-15,24657,,,,,,
2013-10-16,20562,,,,,,
2013-10-17,25170,,,,,,
2013-10-18,24880,,,,,,
2013-10-19,17430,,,,,,
2013-10-20,11396,,,,,,
2013-10-21,21385,,,,,,
2013-10-22,22316,,,,,,
2013-10-23,24178,,,,,,
2013-10-24,26399,,,,,,
2013-10-25,23677,,,,,,
2013-10-26,16986,,,,,,
2013-10-27,15652,,,,,,
2013-10-28,14577,,,,,,
2013-10-29,23126,,,,,,
2013-10-30,24753,,,,,,
2013-10-31,20055,,,,,,
2013-11-01,20597,,,,,,
2013-11-02,15347,,,,,,
2013-11-03,13063,,,,,,
2013-11-04,20369,,,,,,
2013-11-05,19326,,,,,,
2013-11-06,18431,,,,,,
2013-11-07,22527,,,,,,
2013-11-08,15188,,,,,,
2013-11-09,6772,,,,,,
2013-11-10,9767,,,,,,
2013-11-11,14377,,,,,,
2013-11-12,19572,,,,,,
2013-11-13,22021,,,,,,
2013-11-14,21061,,,,,,
2013-11-15,20850,,,,,,
2013-11-16,15029,,,,,,
2013-11-17,12340,,,,,,
2013-11-18,18491,,,,,,
2013-11-19,20335,,,,,,
2013-11-20,14115,,,,,,
2013-11-21,18668,,,,,,
2013-11-22,18789,,,,,,
2013-11-23,13276,,,,,,
2013-11-24,10505,,,,,,
2013-11-25,19201,,,,,,
2013-11-26,20486,,,,,,
2013-11-27,20274,,,,,,
2013-11-28,20649,,,,,,
2013-11-29,19397,,,,,,
2013-11-30,13323,,,,,,
2013-12-01,11711,,,,,,
2013-12-02,19630,,,,,,
2013-12-03,20242,,,,,,
2013-12-04,20035,,,,,,
2013-12-05,18326,,,,,,
2013-12-06,18494,,,,,,
2013-12-07,13625,,,,,,
2013-12-08,13076,,,,,,
2013-12-09,19969,,,,,,
2013-12-10,20432,,,,,,
2013-12-11,19123,,,,,,
2013-12-12,19420,,,,,,
2013-12-13,16921,,,,,,
2013-12-14,14049,,,,,,
2013-12-15,8557,,,,,,
2013-12-16,13825,,,,,,
2013-12-17,15689,,,,,,
2013-12-18,17311,,,,,,
2013-12-19,17738,,,,,,
2013-12-20,18046,,,,,,
2013-12-21,5774,,,,,,
2013-12-22,9233,,,,,,
2013-12-23,6246,,,,,,
2013-12-24,6201,,,,,,
2013-12-25,27715,,,,,,
2013-12-26,7666,,,,,,
2013-12-27,7258,,,,,,
2013-12-28,10533,,,,,,
2013-12-29,10983,,,,,,
2013-12-30,8413,,,,,,
2013-12-31,7701,,,,,,
2014-01-01,4327,,,,,,
2014-01-02,15820,,,,,,
2014-01-03,11636,,,,,,
2014-01-04,6918,,,,,,
2014-01-05,9145,,,,,,
2014-01-06,13066,,,,,,
2014-01-07,17420,,,,,,
2014-01-08,19770,,,,,,
2014-01-09,19143,,,,,,
2014-01-10,18840,,,,,,
2014-01-11,15723,,,,,,
2014-01-12,11975,,,,,,
2014-01-13,17721,,,,,,
2014-01-14,20740,,,,,,
2014-01-15,19243,,,,,,
2014-01-16,18861,,,,,,
2014-01-17,17434,,,,,,
2014-01-18,15333,,,,,,
2014-01-19,16083,,,,,,
2014-01-20,21218,,,,,,
2014-01-21,21756,,,,,,
2014-01-22,21072,,,,,,
2014-01-23,20020,,,,,,
2014-01-24,19272,,,,,,
2014-01-25,14581,,,,,,
2014-01-26,7033,,,,,,
2014-01-27,18285,,,,,,
2014-01-28,19939,,,,,,
2014-01-29,10585,,,,,,
2014-01-30,17052,,,,,,
2014-01-31,13859,,,,,,
2014-02-01,13981,,,,,,
2014-02-02,15924,,,,,,
2014-02-03,20370,,,,,,
2014-02-04,21217,,,,,,
2014-02-05,29418,,,,,,
2014-02-06,25395,,,,,,
2014-02-07,19857,,,,,,
2014-02-08,10928,,,,,,
2014-02-09,11657,,,,,,
2014-02-10,19278,,,,,,
2014-02-11,18514,,,,,,
2014-02-12,18000,,,,,,
2014-02-13,20954,,,,,,
2014-02-14,12794,,,,,,
2014-02-15,11208,,,,,,
2014-02-16,18484,,,,,,
2014-02-17,19013,,,,,,
2014-02-18,19484,,,,,,
2014-02-19,21556,,,,,,
2014-02-20,19396,,,,,,
2014-02-21,21269,,,,,,
2014-02-22,20033,,,,,,
2014-02-23,13680,,,,,,
2014-02-24,21469,,,,,,
2014-02-25,20713,,,,,,
2014-02-26,23938,,,,,,
2014-02-27,20629,,,,,,
2014-02-28,13781,,,,,,
2014-03-01,18823,,,,,,
2014-03-02,11727,,,,,,
2014-03-03,18150,,,,,,
2014-03-04,23069,,,,,,
2014-03-05,25102,,,,,,
2014-03-06,24696,,,,,,
2014-03-07,24385,,,,,,
2014-03-08,25556,,,,,,
2014-03-09,33955,,,,,,
2014-03-10,24347,,,,,,
2014-03-11,23871,,,,,,
2014-03-12,27173,,,,,,
2014-03-13,27552,,,,,,
2014-03-14,28134,,,,,,
2014-03-15,29664,,,,,,
2014-03-16,34421,,,,,,
2014-03-17,26465,,,,,,
2014-03-18,25502,,,,,,
2014-03-19,26719,,,,,,
2014-03-20,23718,,,,,,
2014-03-21,23821,,,,,,
2014-03-22,19091,,,,,,
2014-03-23,17463,,,,,,
2014-03-24,24055,,,,,,
2014-03-25,19421,,,,,,
2014-03-26,20493,,,,,,
2014-03-27,23462,,,,,,
2014-03-28,24198,,,,,,
2014-03-29,29511,,,,,,
2014-03-30,26605,,,,,,
2014-03-31,26715,,,,,,
2014-04-01,29782,,,,,,
2014-04-02,28876,,,,,,
2014-04-03,28245,,,,,,
2014-04-04,27401,,,,,,
2014-04-05,25648,,,,,,
2014-04-06,16387,,,,,,
2014-04-07,18883,,,,,,
2014-04-08,26654,,,,,,
2014-04-09,29621,,,,,,
2014-04-10,29229,,,,,,
2014-04-11,28435,,,,,,
2014-04-12,25706,,,,,,
2014-04-13,31404,,,,,,
2014-04-14,28742,,,,,,
2014-04-15,30031,,,,,,
2014-04-16,30934,,,,,,
2014-04-17,27676,,,,,,
2014-04-18,22152,,,,,,
2014-04-19,21424,,,,,,
2014-04-20,7188,,,,,,
2014-04-21,20532,,,,,,
2014-04-22,22689,,,,,,
2014-04-23,27102,,,,,,
2014-04-24,29119,,,,,,
2014-04-25,20400,,,,,,
2014-04-26,25195,,,,,,
2014-04-27,21284,,,,,,
2014-04-28,29474,,,,,,
2014-04-29,46333,,,,,,
2014-04-30,49025,,,,,,
2014-05-01,16644,,,,,,
2014-05-02,26510,,,,,,
2014-05-03,31534,,,,,,
2014-05-04,33030,,,,,,
2014-05-05,33748,,,,,,
2014-05-06,32323,,,,,,
2014-05-07,28802,,,,,,
2014-05-08,19398,,,,,,
2014-05-09,30131,,,,,,
2014-05-10,19373,,,,,,
2014-05-11,17645,,,,,,
2014-05-12,26149,,,,,,
2014-05-13,25351,,,,,,
2014-05-14,34122,,,,,,
2014-05-15,35148,,,,,,
2014-05-16,36268,,,,,,
2014-05-17,38147,,,,,,
2014-05-18,43663,,,,,,
2014-05-19,37088,,,,,,
2014-05-20,33626,,,,,,
2014-05-21,34437,,,,,,
2014-05-22,30819,,,,,,
2014-05-23,30556,,,,,,
2014-05-24,18723,,,,,,
2014-05-25,33401,,,,,,
2014-05-26,12049,,,,,,
2014-05-27,14446,,,,,,
2014-05-28,21978,,,,,,
2014-05-29,29229,,,,,,
2014-05-30,31331,,,,,,
2014-05-31,35040,,,,,,
2014-06-01,36655,,,,,,
2014-06-02,33481,,,,,,
2014-06-03,29332,,,,,,
2014-06-04,25905,,,,,,
2014-06-05,34617,,,,,,
2014-06-06,37440,,,,,,
2014-06-07,29919,,,,,,
2014-06-08,44415,,,,,,
2014-06-09,34305,,,,,,
2014-06-10,40128,,,,,,
2014-06-11,39582,,,,,,
2014-06-12,39928,,,,,,
2014-06-13,40036,,,,,,
2014-06-14,32758,,,,,,
2014-06-15,28944,,,,,,
2014-06-16,31592,,,,,,
2014-06-17,37658,,,,,,
2014-06-18,35431,,,,,,
2014-06-19,36113,,,,,,
2014-06-20,36924,,,,,,
2014-06-21,42463,,,,,,
2014-06-22,41596,,,,,,
2014-06-23,35206,,,,,,
2014-06-24,38066,,,,,,
2014-06-25,39623,,,,,,
2014-06-26,35438,,,,,,
2014-06-27,35912,,,,,,
2014-06-28,20199,,,,,,
2014-06-29,26714,,,,,,
2014-06-30,32193,,,,,,
2014-07-01,39495,,,,,,
2014-07-02,40878,,,,,,
2014-07-03,43116,,,,,,
2014-07-04,38316,,,,,,
2014-07-05,27332,,,,,,
2014-07-06,31117,,,,,,
2014-07-07,36191,,,,,,
2014-07-08,35107,,,,,,
2014-07-09,38844,,,,,,
2014-07-10,32108,,,,,,
2014-07-11,27618,,,,,,
2014-07-12,38331,,,,,,
2014-07-13,33227,,,,,,
2014-07-14,38450,,,,,,
2014-07-15,40888,,,,,,
2014-07-16,42341,,,,,,
2014-07-17,42404,,,,,,
2014-07-18,40543,,,,,,
2014-07-19,37061,,,,,,
2014-07-20,34379,,,,,,
2014-07-21,38499,,,,,,
2014-07-22,42928,,,,,,
2014-07-23,42486,,,,,,
2014-07-24,42412,,,,,,
2014-07-25,31881,,,,,,
2014-07-26,43788,,,,,,
2014-07-27,39917,,,,,,
2014-07-28,36203,,,,,,
2014-07-29,42308,,,,,,
2014-07-30,43044,,,,,,
2014-07-31,41970,,,,,,
2014-08-01,40009,,,,,,
2014-08-02,38046,,,,,,
2014-08-03,41944,,,,,,
2014-08-04,39856,,,,,,
2014-08-05,40716,,,,,,
2014-08-06,38665,,,,,,
2014-08-07,42491,,,,,,
2014-08-08,34234,,,,,,
2014-08-09,47454,,,,,,
2014-08-10,23980,,,,,,
2014-08-11,31725,,,,,,
2014-08-12,34827,,,,,,
2014-08-13,37856,,,,,,
2014-08-14,27185,,,,,,
2014-08-15,32510,,,,,,
2014-08-16,47245,,,,,,
2014-08-17,39952,,,,,,
2014-08-18,30784,,,,,,
2014-08-19,35332,,,,,,
2014-08-20,36817,,,,,,
2014-08-21,33236,,,,,,
2014-08-22,34047,,,,,,
2014-08-23,29999,,,,,,
2014-08-24,30962,,,,,,
2014-08-25,6175,,,,,,
2014-08-26,18448,,,,,,
2014-08-27,32286,,,,,,
2014-08-28,31842,,,,,,
2014-08-29,32439,,,,,,
2014-08-30,30832,,,,,,
2014-08-31,33312,,,,,,
2014-09-01,27455,,,,,,
2014-09-02,36836,,,,,,
2014-09-03,36523,,,,,,
2014-09-04,35448,,,,,,
2014-09-05,35013,,,,,,
2014-09-06,33434,,,,,,
2014-09-07,34248,,,,,,
2014-09-08,36983,,,,,,
2014-09-09,37674,,,,,,
2014-09-10,37091,,,,,,
2014-09-11,35303,,,,,,
2014-09-12,37144,,,,,,
2014-09-13,34174,,,,,,
2014-09-14,31770,,,,,,
2014-09-15,36629,,,,,,
2014-09-16,37535,,,,,,
2014-09-17,38583,,,,,,
2014-09-18,38442,,,,,,
2014-09-19,36841,,,,,,
2014-09-20,31031,,,,,,
2014-09-21,33334,,,,,,
2014-09-22,35178,,,,,,
2014-09-23,36460,,,,,,
2014-09-24,32680,,,,,,
2014-09-25,35367,,,,,,
2014-09-26,35474,,,,,,
2014-09-27,35087,,,,,,
2014-09-28,37873,,,,,,
2014-09-29,31701,,,,,,
2014-09-30,37373,,,,,,
2014-10-01,32733,,,,,,
2014-10-02,36992,,,,,,
2014-10-03,37909,,,,,,
2014-10-04,18967,,,,,,
2014-10-05,33082,,,,,,
2014-10-06,24330,,,,,,
2014-10-07,31465,,,,,,
2014-10-08,23573,,,,,,
2014-10-09,26642,,,,,,
2014-10-10,32510,,,,,,
2014-10-11,30498,,,,,,
2014-10-12,23063,,,,,,
2014-10-13,13299,,,,,,
2014-10-14,28518,,,,,,
2014-10-15,25424,,,,,,
2014-10-16,31541,,,,,,
2014-10-17,32770,,,,,,
2014-10-18,28951,,,,,,
2014-10-19,30480,,,,,,
2014-10-20,31642,,,,,,
2014-10-21,24681,,,,,,
2014-10-22,30642,,,,,,
2014-10-23,31277,,,,,,
2014-10-24,29144,,,,,,
2014-10-25,30053,,,,,,
2014-10-26,26514,,,,,,
2014-10-27,33716,,,,,,
2014-10-28,35320,,,,,,
2014-10-29,23281,,,,,,
2014-10-30,32503,,,,,,
2014-10-31,36478,,,,,,
2014-11-01,31912,,,,,,
2014-11-02,15887,,,,,,
2014-11-03,22347,,,,,,
2014-11-04,23525,,,,,,
2014-11-05,27970,,,,,,
2014-11-06,28274,,,,,,
2014-11-07,26779,,,,,,
2014-11-08,17473,,,,,,
2014-11-09,24099,,,,,,
2014-11-10,28303,,,,,,
2014-11-11,28993,,,,,,
2014-11-12,24878,,,,,,
2014-11-13,27839,,,,,,
2014-11-14,21442,,,,,,
2014-11-15,22842,,,,,,
2014-11-16,17849,,,,,,
2014-11-17,21398,,,,,,
2014-11-18,26094,,,,,,
2014-11-19,28807,,,,,,
2014-11-20,29068,,,,,,
2014-11-21,24070,,,,,,
2014-11-22,18347,,,,,,
2014-11-23,6030,,,,,,
2014-11-24,25884,,,,,,
2014-11-25,24359,,,,,,
2014-11-26,23096,,,,,,
2014-11-27,26765,,,,,,
2014-11-28,26782,,,,,,
2014-11-29,24337,,,,,,
2014-11-30,19998,,,,,,
2014-12-01,24983,,,,,,
2014-12-02,21614,,,,,,
2014-12-03,25376,,,,,,
2014-12-04,19993,,,,,,
2014-12-05,22939,,,,,,
2014-12-06,17431,,,,,,
2014-12-07,12789,,,,,,
2014-12-08,23519,,,,,,
2014-12-09,23925,,,,,,
2014-12-10,25028,,,,,,
2014-12-11,23028,,,,,,
2014-12-12,20436,,,,,,
2014-12-13,18255,,,,,,
2014-12-14,14441,,,,,,
2014-12-15,22940,,,,,,
2014-12-16,23087,,,,,,
2014-12-17,22120,,,,,,
2014-12-18,23196,,,,,,
2014-12-19,21966,,,,,,
2014-12-20,14690,,,,,,
2014-12-21,11802,,,,,,
2014-12-22,18552,,,,,,
2014-12-23,16551,,,,,,
2014-12-24,10385,,,,,,
2014-12-25,39145,,,,,,
2014-12-26,7678,,,,,,
2014-12-27,6349,,,,,,
2014-12-28,9293,,,,,,
2014-12-29,12411,,,,,,
2014-12-30,13120,,,,,,
2014-12-31,12811,,,,,,
2015-01-01,9615,,,,,,
2015-01-02,15389,,,,,,
2015-01-03,5779,,,,,,
2015-01-04,9367,,,,,,
2015-01-05,20566,,,,,,
2015-01-06,20765,,,,,,
2015-01-07,22504,,,,,,
2015-01-08,15769,,,,,,
2015-01-09,22285,,,,,,
2015-01-10,14877,,,,,,
2015-01-11,14738,,,,,,
2015-01-12,17354,,,,,,
2015-01-13,24966,,,,,,
2015-01-14,23767,,,,,,
2015-01-15,23123,,,,,,
2015-01-16,22894,,,,,,
2015-01-17,15443,,,,,,
2015-01-18,13373,,,,,,
2015-01-19,23193,,,,,,
2015-01-20,23384,,,,,,
2015-01-21,22987,,,,,,
2015-01-22,23432,,,,,,
2015-01-23,22093,,,,,,
2015-01-24,17748,,,,,,
2015-01-25,15267,,,,,,
2015-01-26,22867,,,,,,
2015-01-27,25222,,,,,,
2015-01-28,21685,,,,,,
2015-01-29,21421,,,,,,
2015-01-30,21405,,,,,,
2015-01-31,10385,,,,,,
2015-02-01,11420,,,,,,
2015-02-02,21770,,,,,,
2015-02-03,20028,,,,,,
2015-02-04,22056,,,,,,
2015-02-05,21396,,,,,,
2015-02-06,21146,,,,,,
2015-02-07,13324,,,,,,
2015-02-08,15983,,,,,,
2015-02-09,24078,,,,,,
2015-02-10,24399,,,,,,
2015-02-11,23870,,,,,,
2015-02-12,23429,,,,,,
2015-02-13,17836,,,,,,
2015-02-14,14644,,,,,,
2015-02-15,17253,,,,,,
2015-02-16,16548,,,,,,
2015-02-17,25288,,,,,,
2015-02-18,25340,,,,,,
2015-02-19,17081,,,,,,
2015-02-20,21014,,,,,,
2015-02-21,16490,,,,,,
2015-02-22,9214,,,,,,
2015-02-23,21857,,,,,,
2015-02-24,23758,,,,,,
2015-02-25,21708,,,,,,
2015-02-26,20131,,,,,,
2015-02-27,24540,,,,,,
2015-02-28,13677,,,,,,
2015-03-01,15817,,,,,,
2015-03-02,22379,,,,,,
2015-03-03,24001,,,,,,
2015-03-04,24544,,,,,,
2015-03-05,24959,,,,,,
2015-03-06,25527,,,,,,
2015-03-07,27754,,,,,,
2015-03-08,20207,,,,,,
2015-03-09,24230,,,,,,
2015-03-10,27878,,,,,,
2015-03-11,27610,,,,,,
2015-03-12,28324,,,,,,
2015-03-13,25840,,,,,,
2015-03-14,18270,,,,,,
2015-03-15,10744,,,,,,
2015-03-16,19950,,,,,,
2015-03-17,25956,,,,,,
2015-03-18,26618,,,,,,
2015-03-19,24241,,,,,,
2015-03-20,25424,,,,,,
2015-03-21,16304,,,,,,
2015-03-22,18782,,,,,,
2015-03-23,25741,,,,,,
2015-03-24,24161,,,,,,
2015-03-25,25779,,,,,,
2015-03-26,20415,,,,,,
2015-03-27,26567,,,,,,
2015-03-28,19242,,,,,,
2015-03-29,8987,,,,,,
2015-03-30,22235,,,,,,
2015-03-31,22898,,,,,,
2015-04-01,23677,,,,,,
2015-04-02,22818,,,,,,
2015-04-03,11503,,,,,,
2015-04-04,13828,,,,,,
2015-04-05,19685,,,,,,
2015-04-06,25724,,,,,,
2015-04-07,29525,,,,,,
2015-04-08,30882,,,,,,
2015-04-09,31671,,,,,,
2015-04-10,32299,,,,,,
2015-04-11,25415,,,,,,
2015-04-12,29457,,,,,,
2015-04-13,28203,,,,,,
2015-04-14,34830,,,,,,
2015-04-15,37709,,,,,,
2015-04-16,30656,,,,,,
2015-04-17,30001,,,,,,
2015-04-18,29846,,,,,,
2015-04-19,19906,,,,,,
2015-04-20,32163,,,,,,
2015-04-21,35103,,,,,,
2015-04-22,32559,,,,,,
2015-04-23,32935,,,,,,
2015-04-24,32332,,,,,,
2015-04-25,25441,,,,,,
2015-04-26,19565,,,,,,
2015-04-27,30735,,,,,,
2015-04-28,32024,,,,,,
2015-04-29,26197,,,,,,
2015-04-30,31854,,,,,,
2015-05-01,29822,,,,,,
2015-05-02,22474,,,,,,
2015-05-03,21375,,,,,,
2015-05-04,26933,,,,,,
2015-05-05,26633,,,,,,
2015-05-06,24556,,,,,,
2015-05-07,31283,,,,,,
2015-05-08,27029,,,,,,
2015-05-09,27995,,,,,,
2015-05-10,32399,,,,,,
2015-05-11,33872,,,,,,
2015-05-12,33930,,,,,,
2015-05-13,36877,,,,,,
2015-05-14,15657,,,,,,
2015-05-15,32522,,,,,,
2015-05-16,32720,,,,,,
2015-05-17,31506,,,,,,
2015-05-18,24385,,,,,,
2015-05-19,28408,,,,,,
2015-05-20,30650,,,,,,
2015-05-21,34922,,,,,,
2015-05-22,33624,,,,,,
2015-05-23,23989,,,,,,
2015-05-24,30267,,,,,,
2015-05-25,29607,,,,,,
2015-05-26,34880,,,,,,
2015-05-27,36496,,,,,,
2015-05-28,34496,,,,,,
2015-05-29,26155,,,,,,
2015-05-30,29432,,,,,,
2015-05-31,15075,,,,,,
2015-06-01,27893,,,,,,
2015-06-02,28070,,,,,,
2015-06-03,35630,,,,,,
2015-06-04,39687,,,,,,
2015-06-05,35048,,,,,,
2015-06-06,33088,,,,,,
2015-06-07,35757,,,,,,
2015-06-08,32745,,,,,,
2015-06-09,33447,,,,,,
2015-06-10,35862,,,,,,
2015-06-11,38969,,,,,,
2015-06-12,35367,,,,,,
2015-06-13,30566,,,,,,
2015-06-14,25402,,,,,,
2015-06-15,34723,,,,,,
2015-06-16,38166,,,,,,
2015-06-17,38799,,,,,,
2015-06-18,38875,,,,,,
2015-06-19,36220,,,,,,
2015-06-20,26546,,,,,,
2015-06-21,30621,,,,,,
2015-06-22,29711,,,,,,
2015-06-23,37663,,,,,,
2015-06-24,39183,,,,,,
2015-06-25,38856,,,,,,
2015-06-26,37281,,,,,,
2015-06-27,36885,,,,,,
2015-06-28,25846,,,,,,
2015-06-29,39280,,,,,,
2015-06-30,43582,,,,,,
2015-07-01,42891,,,,,,
2015-07-02,38467,,,,,,
2015-07-03,39940,,,,,,
2015-07-04,38640,,,,,,
2015-07-05,29963,,,,,,
2015-07-06,38895,,,,,,
2015-07-07,38120,,,,,,
2015-07-08,41921,,,,,,
2015-07-09,73094,,,,,,
2015-07-10,43266,,,,,,
2015-07-11,42676,,,,,,
2015-07-12,23498,,,,,,
2015-07-13,27646,,,,,,
2015-07-14,35600,,,,,,
2015-07-15,34878,,,,,,
2015-07-16,39609,,,,,,
2015-07-17,38845,,,,,,
2015-07-18,38906,,,,,,
2015-07-19,36989,,,,,,
2015-07-20,32140,,,,,,
2015-07-21,41001,,,,,,
2015-07-22,38133,,,,,,
2015-07-23,39368,,,,,,
2015-07-24,16135,,,,,,
2015-07-25,32982,,,,,,
2015-07-26,12497,,,,,,
2015-07-27,32103,,,,,,
2015-07-28,36310,,,,,,
2015-07-29,37021,,,,,,
2015-07-30,36350,,,,,,
2015-07-31,36932,,,,,,
2015-08-01,43492,,,,,,
2015-08-02,43679,,,,,,
2015-08-03,35609,,,,,,
2015-08-04,37864,,,,,,
2015-08-05,39010,,,,,,
2015-08-06,63963,,,,,,
2015-08-07,39788,,,,,,
2015-08-08,39362,,,,,,
2015-08-09,40758,,,,,,
2015-08-10,35625,,,,,,
2015-08-11,34567,,,,,,
2015-08-12,36838,,,,,,
2015-08-13,26185,,,,,,
2015-08-14,25638,,,,,,
2015-08-15,34137,,,,,,
2015-08-16,30948,,,,,,
2015-08-17,36003,,,,,,
2015-08-18,34776,,,,,,
2015-08-19,31903,,,,,,
2015-08-20,32857,,,,,,
2015-08-21,36329,,,,,,
2015-08-22,44724,,,,,,
2015-08-23,27202,,,,,,
2015-08-24,17520,,,,,,
2015-08-25,28401,,,,,,
2015-08-26,23969,,,,,,
2015-08-27,30856,,,,,,
2015-08-28,33201,,,,,,
2015-08-29,22828,,,,,,
2015-08-30,25191,,,,,,
2015-08-31,9709,,,,,,
2015-09-01,25739,,,,,,
2015-09-02,30313,,,,,,
2015-09-03,31163,,,,,,
2015-09-04,29913,,,,,,
2015-09-05,22475,,,,,,
2015-09-06,29539,,,,,,
2015-09-07,31917,,,,,,
2015-09-08,32968,,,,,,
2015-09-09,33332,,,,,,
2015-09-10,35956,,,,,,
2015-09-11,34690,,,,,,
2015-09-12,29143,,,,,,
2015-09-13,26342,,,,,,
2015-09-14,25923,,,,,,
2015-09-15,28311,,,,,,
2015-09-16,18764,,,,,,
2015-09-17,32336,,,,,,
2015-09-18,30124,,,,,,
2015-09-19,33855,,,,,,
2015-09-20,31380,,,,,,
2015-09-21,23831,,,,,,
2015-09-22,20567,,,,,,
2015-09-23,34193,,,,,,
2015-09-24,29537,,,,,,
2015-09-25,35064,,,,,,
2015-09-26,32955,,,,,,
2015-09-27,30024,,,,,,
2015-09-28,33341,,,,,,
2015-09-29,34591,,,,,,
2015-09-30,35143,,,,,,
2015-10-01,34845,,,,,,
2015-10-02,35782,,,,,,
2015-10-03,29224,,,,,,
2015-10-04,30096,,,,,,
2015-10-05,20833,,,,,,
2015-10-06,25972,,,,,,
2015-10-07,28817,,,,,,
2015-10-08,33877,,,,,,
2015-10-09,34392,,,,,,
2015-10-10,29683,,,,,,
2015-10-11,27984,,,,,,
2015-10-12,31469,,,,,,
2015-10-13,31753,,,,,,
2015-10-14,30815,,,,,,
2015-10-15,31062,,,,,,
2015-10-16,30295,,,,,,
2015-10-17,24555,,,,,,
2015-10-18,23282,,,,,,
2015-10-19,30127,,,,,,
2015-10-20,32949,,,,,,
2015-10-21,19085,,,,,,
2015-10-22,30539,,,,,,
2015-10-23,30515,,,,,,
2015-10-24,17058,,,,,,
2015-10-25,23591,,,,,,
2015-10-26,30606,,,,,,
2015-10-27,32635,,,,,,
2015-10-28,24040,,,,,,
2015-10-29,27534,,,,,,
2015-10-30,24195,,,,,,
2015-10-31,27765,,,,,,
2015-11-01,23085,,,,,,
2015-11-02,28256,,,,,,
2015-11-03,30911,,,,,,
2015-11-04,23675,,,,,,
2015-11-05,24685,,,,,,
2015-11-06,25677,,,,,,
2015-11-07,15031,,,,,,
2015-11-08,18943,,,,,,
2015-11-09,28623,,,,,,
2015-11-10,29429,,,,,,
2015-11-11,30049,,,,,,
2015-11-12,29108,,,,,,
2015-11-13,25410,,,,,,
2015-11-14,8983,,,,,,
2015-11-15,17711,,,,,,
2015-11-16,26676,,,,,,
2015-11-17,23773,,,,,,
2015-11-18,26636,,,,,,
2015-11-19,23852,,,,,,
2015-11-20,25993,,,,,,
2015-11-21,12847,,,,,,
2015-11-22,13205,,,,,,
2015-11-23,24070,,,,,,
2015-11-24,21348,,,,,,
2015-11-25,26187,,,,,,
2015-11-26,26826,,,,,,
2015-11-27,23667,,,,,,
2015-11-28,16523,,,,,,
2015-11-29,11453,,,,,,
2015-11-30,21886,,,,,,
2015-12-01,26714,,,,,,
2015-12-02,27975,,,,,,
2015-12-03,26038,,,,,,
2015-12-04,26130,,,,,,
2015-12-05,16667,,,,,,
2015-12-06,15627,,,,,,
2015-12-07,25897,,,,,,
2015-12-08,23565,,,,,,
2015-12-09,27739,,,,,,
2015-12-10,23251,,,,,,
2015-12-11,23439,,,,,,
2015-12-12,16815,,,,,,
2015-12-13,12364,,,,,,
2015-12-14,23972,,,,,,
2015-12-15,20310,,,,,,
2015-12-16,25740,,,,,,
2015-12-17,25977,,,,,,
2015-12-18,25886,,,,,,
2015-12-19,18883,,,,,,
2015-12-20,13118,,,,,,
2015-12-21,18239,,,,,,
2015-12-22,17571,,,,,,
2015-12-23,18568,,,,,,
2015-12-24,8968,,,,,,
2015-12-25,22871,,,,,,
2015-12-26,10362,,,,,,
2015-12-27,9507,,,,,,
2015-12-28,13851,,,,,,
2015-12-29,15717,,,,,,
2015-12-30,12379,,,,,,
2015-12-31,14024,,,,,,
2016-01-01,9922,,,,,,
2016-01-02,7246,,,,,,
2016-01-03,4894,,,,,,
2016-01-04,20644,,,,,,
2016-01-05,22934,,,,,,
2016-01-06,23199,,,,,,
2016-01-07,18225,,,,,,
2016-01-08,20948,,,,,,
2016-01-09,11674,,,,,,
2016-01-10,14447,,,,,,
2016-01-11,21188,,,,,,
2016-01-12,22924,,,,,,
2016-01-13,24726,,,,,,
2016-01-14,22266,,,,,,
2016-01-15,22594,,,,,,
2016-01-16,16258,,,,,,
2016-01-17,11826,,,,,,
2016-01-18,22905,,,,,,
2016-01-19,23919,,,,,,
2016-01-20,23919,,,,,,
2016-01-21,23490,,,,,,
2016-01-22,18431,,,,,,
2016-01-23,17424,,,,,,
2016-01-24,16474,,,,,,
2016-01-25,25886,,,,,,
2016-01-26,20329,,,,,,
2016-01-27,21816,,,,,,
2016-01-28,25490,,,,,,
2016-01-29,22701,,,,,,
2016-01-30,16528,,,,,,
2016-01-31,11098,,,,,,
2016-02-01,23742,,,,,,
2016-02-02,24643,,,,,,
2016-02-03,24601,,,,,,
2016-02-04,25344,,,,,,
2016-02-05,22806,,,,,,
2016-02-06,13255,,,,,,
2016-02-07,14219,,,,,,
2016-02-08,19924,,,,,,
2016-02-09,23460,,,,,,
2016-02-10,23769,,,,,,
2016-02-11,25393,,,,,,
2016-02-12,22995,,,,,,
2016-02-13,9948,,,,,,
2016-02-14,13782,,,,,,
2016-02-15,21918,,,,,,
2016-02-16,24537,,,,,,
2016-02-17,19168,,,,,,
2016-02-18,23696,,,,,,
2016-02-19,22300,,,,,,
2016-02-20,11224,,,,,,
2016-02-21,14745,,,,,,
2016-02-22,20538,,,,,,
2016-02-23,25832,,,,,,
2016-02-24,25634,,,,,,
2016-02-25,24296,,,,,,
2016-02-26,23714,,,,,,
2016-02-27,14871,,,,,,
2016-02-28,13549,,,,,,
2016-02-29,23738,,,,,,
2016-03-01,20876,,,,,,
2016-03-02,20775,,,,,,
2016-03-03,24559,,,,,,
2016-03-04,24179,,,,,,
2016-03-05,12340,,,,,,
2016-03-06,12591,,,,,,
2016-03-07,22785,,,,,,
2016-03-08,23308,,,,,,
2016-03-09,19280,,,,,,
2016-03-10,23648,,,,,,
2016-03-11,21026,,,,,,
2016-03-12,21834,,,,,,
2016-03-13,21938,,,,,,
2016-03-14,25597,,,,,,
2016-03-15,25379,,,,,,
2016-03-16,25489,,,,,,
2016-03-17,27198,,,,,,
2016-03-18,23210,,,,,,
2016-03-19,18060,,,,,,
2016-03-20,17163,,,,,,
2016-03-21,25990,,,,,,
2016-03-22,29312,,,,,,
2016-03-23,27052,,,,,,
2016-03-24,19477,,,,,,
2016-03-25,25612,,,,,,
2016-03-26,11211,,,,,,
2016-03-27,10149,,,,,,
2016-03-28,10316,,,,,,
2016-03-29,18945,,,,,,
2016-03-30,26700,,,,,,
2016-03-31,28486,,,,,,
2016-04-01,27310,,,,,,
2016-04-02,24416,,,,,,
2016-04-03,21068,,,,,,
2016-04-04,25182,,,,,,
2016-04-05,30155,,,,,,
2016-04-06,24132,,,,,,
2016-04-07,22338,,,,,,
2016-04-08,27357,,,,,,
2016-04-09,19858,,,,,,
2016-04-10,23389,,,,,,
2016-04-11,24162,,,,,,
2016-04-12,30801,,,,,,
2016-04-13,30285,,,,,,
2016-04-14,30566,,,,,,
2016-04-15,15919,,,,,,
2016-04-16,17801,,,,,,
2016-04-17,18274,,,,,,
2016-04-18,28512,,,,,,
2016-04-19,33719,,,,,,
2016-04-20,34577,,,,,,
2016-04-21,31937,,,,,,
2016-04-22,20532,,,,,,
2016-04-23,22060,,,,,,
2016-04-24,18873,,,,,,
2016-04-25,24389,,,,,,
2016-04-26,27862,,,,,,
2016-04-27,28431,,,,,,
2016-04-28,28901,,,,,,
2016-04-29,25658,,,,,,
2016-04-30,24844,,,,,,
2016-05-01,29664,,,,,,
2016-05-02,19598,,,,,,
2016-05-03,32037,,,,,,
2016-05-04,36514,,,,,,
2016-05-05,39104,,,,,,
2016-05-06,40117,,,,,,
2016-05-07,44532,,,,,,
2016-05-08,45301,,,,,,
2016-05-09,30821,,,,,,
2016-05-10,21673,,,,,,
2016-05-11,27922,,,,,,
2016-05-12,38525,,,,,,
2016-05-13,35109,,,,,,
2016-05-14,30442,,,,,,
2016-05-15,34725,,,,,,
2016-05-16,37441,,,,,,
2016-05-17,36810,,,,,,
2016-05-18,24335,,,,,,
2016-05-19,34655,,,,,,
2016-05-20,36101,,,,,,
2016-05-21,26785,,,,,,
2016-05-22,31115,,,,,,
2016-05-23,35451,,,,,,
2016-05-24,36580,,,,,,
2016-05-25,31919,,,,,,
2016-05-26,37442,,,,,,
2016-05-27,36133,,,,,,
2016-05-28,31301,,,,,,
2016-05-29,31246,,,,,,
2016-05-30,24041,,,,,,
2016-05-31,16227,,,,,,
2016-06-01,27156,,,,,,
2016-06-02,29162,,,,,,
2016-06-03,29580,,,,,,
2016-06-04,30140,,,,,,
2016-06-05,40836,,,,,,
2016-06-06,39528,,,,,,
2016-06-07,35137,,,,,,
2016-06-08,34588,,,,,,
2016-06-09,41546,,,,,,
2016-06-10,40139,,,,,,
2016-06-11,29018,,,,,,
2016-06-12,18109,,,,,,
2016-06-13,27571,,,,,,
2016-06-14,30218,,,,,,
2016-06-15,37704,,,,,,
2016-06-16,31406,,,,,,
2016-06-17,32018,,,,,,
2016-06-18,29692,,,,,,
2016-06-19,31372,,,,,,
2016-06-20,22309,,,,,,
2016-06-21,39003,,,,,,
2016-06-22,36628,,,,,,
2016-06-23,25129,,,,,,
2016-06-24,36530,,,,,,
2016-06-25,26357,,,,,,
2016-06-26,29597,,,,,,
2016-06-27,33695,,,,,,
2016-06-28,31701,,,,,,
2016-06-29,31496,,,,,,
2016-06-30,35867,,,,,,
2016-07-01,28108,,,,,,
2016-07-02,30802,,,,,,
2016-07-03,34195,,,,,,
2016-07-04,37628,,,,,,
2016-07-05,40955,,,,,,
2016-07-06,42871,,,,,,
2016-07-07,39670,,,,,,
2016-07-08,37311,,,,,,
2016-07-09,34525,,,,,,
2016-07-10,29556,,,,,,
2016-07-11,32781,,,,,,
2016-07-12,30186,,,,,,
2016-07-13,36128,,,,,,
2016-07-14,40364,,,,,,
2016-07-15,37045,,,,,,
2016-07-16,38916,,,,,,
2016-07-17,38340,,,,,,
2016-07-18,43497,,,,,,
2016-07-19,46625,,,,,,
2016-07-20,45156,,,,,,
2016-07-21,41731,,,,,,
2016-07-22,36401,,,,,,
2016-07-23,42121,,,,,,
2016-07-24,39070,,,,,,
2016-07-25,40999,,,,,,
2016-07-26,42528,,,,,,
2016-07-27,33646,,,,,,
2016-07-28,39009,,,,,,
2016-07-29,35737,,,,,,
2016-07-30,46251,,,,,,
2016-07-31,46276,,,,,,
2016-08-01,30074,,,,,,
2016-08-02,28949,,,,,,
2016-08-03,40683,,,,,,
2016-08-04,39488,,,,,,
2016-08-05,40570,,,,,,
2016-08-06,42579,,,,,,
2016-08-07,38620,,,,,,
2016-08-08,38117,,,,,,
2016-08-09,40052,,,,,,
2016-08-10,38917,,,,,,
2016-08-11,38034,,,,,,
2016-08-12,40645,,,,,,
2016-08-13,43792,,,,,,
2016-08-14,44648,,,,,,
2016-08-15,41764,,,,,,
2016-08-16,40899,,,,,,
2016-08-17,42879,,,,,,
2016-08-18,39379,,,,,,
2016-08-19,25862,,,,,,
2016-08-20,24712,,,,,,
2016-08-21,28625,,,,,,
2016-08-22,36064,,,,,,
2016-08-23,42558,,,,,,
2016-08-24,41088,,,,,,
2016-08-25,38191,,,,,,
2016-08-26,38222,,,,,,
2016-08-27,32656,,,,,,
2016-08-28,26325,,,,,,
2016-08-29,34665,,,,,,
2016-08-30,39992,,,,,,
2016-08-31,39344,,,,,,
2016-09-01,40302,,,,,,
2016-09-02,34661,,,,,,
2016-09-03,23805,,,,,,
2016-09-04,27901,,,,,,
2016-09-05,28210,,,,,,
2016-09-06,37982,,,,,,
2016-09-07,40232,,,,,,
2016-09-08,41004,,,,,,
2016-09-09,36554,,,,,,
2016-09-10,17308,,,,,,
2016-09-11,39906,,,,,,
2016-09-12,39687,,,,,,
2016-09-13,44035,,,,,,
2016-09-14,44909,,,,,,
2016-09-15,42598,,,,,,
2016-09-16,22204,,,,,,
2016-09-17,27548,,,,,,
2016-09-18,29830,,,,,,
2016-09-19,33401,,,,,,
2016-09-20,37658,,,,,,
2016-09-21,40646,,,,,,
2016-09-22,38411,,,,,,
2016-09-23,38963,,,,,,
2016-09-24,36243,,,,,,
2016-09-25,30015,,,,,,
2016-09-26,35059,,,,,,
2016-09-27,36094,,,,,,
2016-09-28,38893,,,,,,
2016-09-29,34840,,,,,,
2016-09-30,34140,,,,,,
2016-10-01,17832,,,,,,
2016-10-02,27335,,,,,,
2016-10-03,35892,,,,,,
2016-10-04,37162,,,,,,
2016-10-05,36314,,,,,,
2016-10-06,35332,,,,,,
2016-10-07,33361,,,,,,
2016-10-08,27236,,,,,,
2016-10-09,25390,,,,,,
2016-10-10,33045,,,,,,
2016-10-11,35254,,,,,,
2016-10-12,32552,,,,,,
2016-10-13,30762,,,,,,
2016-10-14,32637,,,,,,
2016-10-15,23773,,,,,,
2016-10-16,18685,,,,,,
2016-10-17,29007,,,,,,
2016-10-18,33062,,,,,,
2016-10-19,33953,,,,,,
2016-10-20,32624,,,,,,
2016-10-21,30838,,,,,,
2016-10-22,26322,,,,,,
2016-10-23,23812,,,,,,
2016-10-24,30329,,,,,,
2016-10-25,33313,,,,,,
2016-10-26,34322,,,,,,
2016-10-27,34203,,,,,,
2016-10-28,33769,,,,,,
2016-10-29,28114,,,,,,
2016-10-30,24166,,,,,,
2016-10-31,34747,,,,,,
2016-11-01,32334,,,,,,
2016-11-02,32316,,,,,,
2016-11-03,31111,,,,,,
2016-11-04,22143,,,,,,
2016-11-05,19649,,,,,,
2016-11-06,13576,,,,,,
2016-11-07,17329,,,,,,
2016-11-08,26382,,,,,,
2016-11-09,18878,,,,,,
2016-11-10,26075,,,,,,
2016-11-11,28088,,,,,,
2016-11-12,9709,,,,,,
2016-11-13,19258,,,,,,
2016-11-14,24824,,,,,,
2016-11-15,28810,,,,,,
2016-11-16,27646,,,,,,
2016-11-17,27692,,,,,,
2016-11-18,26884,,,,,,
2016-11-19,18288,,,,,,
2016-11-20,10704,,,,,,
2016-11-21,19374,,,,,,
2016-11-22,27723,,,,,,
2016-11-23,29047,,,,,,
2016-11-24,28091,,,,,,
2016-11-25,27692,,,,,,
2016-11-26,19805,,,,,,
2016-11-27,15628,,,,,,
2016-11-28,26980,,,,,,
2016-11-29,27847,,,,,,
2016-11-30,27119,,,,,,
2016-12-01,26431,,,,,,
2016-12-02,26223,,,,,,
2016-12-03,18120,,,,,,
2016-12-04,15448,,,,,,
2016-12-05,26456,,,,,,
2016-12-06,28347,,,,,,
2016-12-07,29735,,,,,,
2016-12-08,28632,,,,,,
2016-12-09,30076,,,,,,
2016-12-10,15054,,,,,,
2016-12-11,17713,,,,,,
2016-12-12,25476,,,,,,
2016-12-13,26747,,,,,,
2016-12-14,29130,,,,,,
2016-12-15,28449,,,,,,
2016-12-16,27926,,,,,,
2016-12-17,17473,,,,,,
2016-12-18,15152,,,,,,
2016-12-19,23736,,,,,,
2016-12-20,25106,,,,,,
2016-12-21,23329,,,,,,
2016-12-22,21659,,,,,,
2016-12-23,14534,,,,,,
2016-12-24,7978,,,,,,
2016-12-25,37401,,,,,,
2016-12-26,11637,,,,,,
2016-12-27,11003,,,,,,
2016-12-28,12530,,,,,,
2016-12-29,14206,,,,,,
2016-12-30,11684,,,,,,
2016-12-31,11584,,,,,,
2017-01-01,6534,,,,,,
2017-01-02,11954,,,,,,
2017-01-03,19622,,,,,,
2017-01-04,22122,,,,,,
2017-01-05,23580,,,,,,
2017-01-06,18973,,,,,,
2017-01-07,13879,,,,,,
2017-01-08,13506,,,,,,
2017-01-09,38042,,,,,,
2017-01-10,28106,,,,,,
2017-01-11,28270,,,,,,
2017-01-12,17109,,,,,,
2017-01-13,20963,,,,,,
2017-01-14,13766,,,,,,
2017-01-15,6752,,,,,,
2017-01-16,19230,,,,,,
2017-01-17,27281,,,,,,
2017-01-18,27194,,,,,,
2017-01-19,26826,,,,,,
2017-01-20,25125,,,,,,
2017-01-21,17552,,,,,,
2017-01-22,15628,,,,,,
2017-01-23,23280,,,,,,
2017-01-24,26611,,,,,,
2017-01-25,25175,,,,,,
2017-01-26,23831,,,,,,
2017-01-27,23387,,,,,,
2017-01-28,17523,,,,,,
2017-01-29,9078,,,,,,
2017-01-30,24969,,,,,,
2017-01-31,22623,,,,,,
2017-02-01,23181,,,,,,
2017-02-02,25601,,,,,,
2017-02-03,23231,,,,,,
2017-02-04,17324,,,,,,
2017-02-05,14570,,,,,,
2017-02-06,24312,,,,,,
2017-02-07,27156,,,,,,
2017-02-08,25770,,,,,,
2017-02-09,22900,,,,,,
2017-02-10,18673,,,,,,
2017-02-11,9394,,,,,,
2017-02-12,10272,,,,,,
2017-02-13,24159,,,,,,
2017-02-14,26649,,,,,,
2017-02-15,24330,,,,,,
2017-02-16,26649,,,,,,
2017-02-17,25883,,,,,,
2017-02-18,21292,,,,,,
2017-02-19,19169,,,,,,
2017-02-20,28665,,,,,,
2017-02-21,28929,,,,,,
2017-02-22,27290,,,,,,
2017-02-23,22520,,,,,,
2017-02-24,26832,,,,,,
2017-02-25,14132,,,,,,
2017-02-26,14911,,,,,,
2017-02-27,20001,,,,,,
2017-02-28,24755,,,,,,
2017-03-01,24746,,,,,,
2017-03-02,26938,,,,,,
2017-03-03,22914,,,,,,
2017-03-04,21546,,,,,,
2017-03-05,10593,,,,,,
2017-03-06,26917,,,,,,
2017-03-07,29174,,,,,,
2017-03-08,24440,,,,,,
2017-03-09,31113,,,,,,
2017-03-10,28126,,,,,,
2017-03-11,30560,,,,,,
2017-03-12,15850,,,,,,
2017-03-13,32177,,,,,,
2017-03-14,30857,,,,,,
2017-03-15,34548,,,,,,
2017-03-16,31876,,,,,,
2017-03-17,26481,,,,,,
2017-03-18,7771,,,,,,
2017-03-19,19335,,,,,,
2017-03-20,24145,,,,,,
2017-03-21,30182,,,,,,
2017-03-22,23725,,,,,,
2017-03-23,27639,,,,,,
2017-03-24,27578,,,,,,
2017-03-25,28374,,,,,,
2017-03-26,24090,,,,,,
2017-03-27,30887,,,,,,
2017-03-28,32314,,,,,,
2017-03-29,29907,,,,,,
2017-03-30,34219,,,,,,
2017-03-31,30730,,,,,,
2017-04-01,28237,,,,,,
2017-04-02,31064,,,,,,
2017-04-03,34287,,,,,,
2017-04-04,30887,,,,,,
2017-04-05,33985,,,,,,
2017-04-06,36003,,,,,,
2017-04-07,35434,,,,,,
2017-04-08,38878,,,,,,
2017-04-09,42854,,,,,,
2017-04-10,31158,,,,,,
2017-04-11,35436,,,,,,
2017-04-12,32570,,,,,,
2017-04-13,30343,,,,,,
2017-04-14,22357,,,,,,
2017-04-15,24627,,,,,,
2017-04-16,23090,,,,,,
2017-04-17,20130,,,,,,
2017-04-18,29490,,,,,,
2017-04-19,32500,,,,,,
2017-04-20,33546,,,,,,
2017-04-21,31510,,,,,,
2017-04-22,28323,,,,,,
2017-04-23,28736,,,,,,
2017-04-24,28500,,,,,,
2017-04-25,32383,,,,,,
2017-04-26,28360,,,,,,
2017-04-27,26727,,,,,,
2017-04-28,30390,,,,,,
2017-04-29,28450,,,,,,
2017-04-30,27461,,,,,,
2017-05-01,18493,,,,,,
2017-05-02,32945,,,,,,
2017-05-03,27191,,,,,,
2017-05-04,31200,,,,,,
2017-05-05,31355,,,,,,
2017-05-06,29020,,,,,,
2017-05-07,28491,,,,,,
2017-05-08,30426,,,,,,
2017-05-09,33211,,,,,,
2017-05-10,36305,,,,,,
2017-05-11,33911,,,,,,
2017-05-12,32618,,,,,,
2017-05-13,29539,,,,,,
2017-05-14,30145,,,,,,
2017-05-15,25882,,,,,,
2017-05-16,35964,,,,,,
2017-05-17,18926,,,,,,
2017-05-18,23268,,,,,,
2017-05-19,28730,,,,,,
2017-05-20,26825,,,,,,
2017-05-21,33728,,,,,,
2017-05-22,40021,,,,,,
2017-05-23,39259,,,,,,
2017-05-24,41644,,,,,,
2017-05-25,43528,,,,,,
2017-05-26,43701,,,,,,
2017-05-27,35354,,,,,,
2017-05-28,27909,,,,,,
2017-05-29,26476,,,,,,
2017-05-30,37517,,,,,,
2017-05-31,39019,,,,,,
2017-06-01,42514,,,,,,
2017-06-02,34459,,,,,,
2017-06-03,38635,,,,,,
2017-06-04,30840,,,,,,
2017-06-05,30846,,,,,,
2017-06-06,17387,,,,,,
2017-06-07,34819,,,,,,
2017-06-08,32751,,,,,,
2017-06-09,33705,,,,,,
2017-06-10,36788,,,,,,
2017-06-11,32997,,,,,,
2017-06-12,36114,,,,,,
2017-06-13,41337,,,,,,
2017-06-14,44762,,,,,,
2017-06-15,42249,,,,,,
2017-06-16,40288,,,,,,
2017-06-17,41719,,,,,,
2017-06-18,38577,,,,,,
2017-06-19,41624,,,,,,
2017-06-20,43185,,,,,,
2017-06-21,43885,,,,,,
2017-06-22,39708,,,,,,
2017-06-23,40025,,,,,,
2017-06-24,30271,,,,,,
2017-06-25,31012,,,,,,
2017-06-26,42096,,,,,,
2017-06-27,24206,,,,,,
2017-06-28,33008,,,,,,
2017-06-29,38137,,,,,,
2017-06-30,40350,,,,,,
2017-07-01,36183,,,,,,
2017-07-02,42875,,,,,,
2017-07-03,39970,,,,,,
2017-07-04,43784,,,,,,
2017-07-05,46035,,,,,,
2017-07-06,44386,,,,,,
2017-07-07,43547,,,,,,
2017-07-08,40196,,,,,,
2017-07-09,38912,,,,,,
2017-07-10,41086,,,,,,
2017-07-11,25955,,,,,,
2017-07-12,38377,,,,,,
2017-07-13,42082,,,,,,
2017-07-14,38932,,,,,,
2017-07-15,30690,,,,,,
2017-07-16,31595,,,,,,
2017-07-17,41811,,,,,,
2017-07-18,41804,,,,,,
2017-07-19,39340,,,,,,
2017-07-20,37164,,,,,,
2017-07-21,37967,,,,,,
2017-07-22,16392,,,,,,
2017-07-23,26432,,,,,,
2017-07-24,32515,,,,,,
2017-07-25,41029,,,,,,
2017-07-26,33566,,,,,,
2017-07-27,32588,,,,,,
2017-07-28,32857,,,,,,
2017-07-29,23334,,,,,,
2017-07-30,31893,,,,,,
2017-07-31,38541,,,,,,
2017-08-01,39837,,,,,,
2017-08-02,27123,,,,,,
2017-08-03,34430,,,,,,
2017-08-04,34893,,,,,,
2017-08-05,27715,,,,,,
2017-08-06,31536,,,,,,
2017-08-07,32303,,,,,,
2017-08-08,33854,,,,,,
2017-08-09,11525,,,,,,
2017-08-10,35707,,,,,,
2017-08-11,34462,,,,,,
2017-08-12,31034,,,,,,
2017-08-13,34928,,,,,,
2017-08-14,35979,,,,,,
2017-08-15,38181,,,,,,
2017-08-16,37037,,,,,,
2017-08-17,31947,,,,,,
2017-08-18,28252,,,,,,
2017-08-19,29156,,,,,,
2017-08-20,25270,,,,,,
2017-08-21,27725,,,,,,
2017-08-22,33327,,,,,,
2017-08-23,34439,,,,,,
2017-08-24,34548,,,,,,
2017-08-25,35108,,,,,,
2017-08-26,31442,,,,,,
2017-08-27,33657,,,,,,
2017-08-28,34862,,,,,,
2017-08-29,35427,,,,,,
2017-08-30,22542,,,,,,
2017-08-31,35953,,,,,,
2017-09-01,36194,,,,,,
2017-09-02,35246,,,,,,
2017-09-03,21934,,,,,,
2017-09-04,28710,,,,,,
2017-09-05,32336,,,,,,
2017-09-06,36559,,,,,,
2017-09-07,35614,,,,,,
2017-09-08,23199,,,,,,
2017-09-09,28349,,,,,,
2017-09-10,21298,,,,,,
2017-09-11,26886,,,,,,
2017-09-12,32569,,,,,,
2017-09-13,32583,,,,,,
2017-09-14,33252,,,,,,
2017-09-15,31628,,,,,,
2017-09-16,26166,,,,,,
2017-09-17,25300,,,,,,
2017-09-18,30718,,,,,,
2017-09-19,34917,,,,,,
2017-09-20,35149,,,,,,
2017-09-21,31174,,,,,,
2017-09-22,36125,,,,,,
2017-09-23,30654,,,,,,
2017-09-24,32726,,,,,,
2017-09-25,30066,,,,,,
2017-09-26,37394,,,,,,
2017-09-27,34694,,,,,,
2017-09-28,35526,,,,,,
2017-09-29,28782,,,,,,
2017-09-30,29003,,,,,,
2017-10-01,22814,,,,,,
2017-10-02,33891,,,,,,
2017-10-03,37187,,,,,,
2017-10-04,36798,,,,,,
2017-10-05,34779,,,,,,
2017-10-06,35344,,,,,,
2017-10-07,25505,,,,,,
2017-10-08,28830,,,,,,
2017-10-09,34182,,,,,,
2017-10-10,35961,,,,,,
2017-10-11,32760,,,,,,
2017-10-12,36372,,,,,,
2017-10-13,34229,,,,,,
2017-10-14,32123,,,,,,
2017-10-15,32696,,,,,,
2017-10-16,34787,,,,,,
2017-10-17,35199,,,,,,
2017-10-18,27348,,,,,,
2017-10-19,31069,,,,,,
2017-10-20,31306,,,,,,
2017-10-21,22475,,,,,,
2017-10-22,21013,,,,,,
2017-10-23,30604,,,,,,
2017-10-24,33732,,,,,,
2017-10-25,36064,,,,,,
2017-10-26,28423,,,,,,
2017-10-27,34654,,,,,,
2017-10-28,26633,,,,,,
2017-10-29,22228,,,,,,
2017-10-30,31364,,,,,,
2017-10-31,33312,,,,,,
2017-11-01,34747,,,,,,
2017-11-02,34290,,,,,,
2017-11-03,34716,,,,,,
2017-11-04,17801,,,,,,
2017-11-05,21588,,,,,,
2017-11-06,30663,,,,,,
2017-11-07,27314,,,,,,
2017-11-08,29455,,,,,,
2017-11-09,31374,,,,,,
2017-11-10,28480,,,,,,
2017-11-11,16679,,,,,,
2017-11-12,16460,,,,,,
2017-11-13,29301,,,,,,
2017-11-14,29355,,,,,,
2017-11-15,30564,,,,,,
2017-11-16,31112,,,,,,
2017-11-17,29876,,,,,,
2017-11-18,12976,,,,,,
2017-11-19,18874,,,,,,
2017-11-20,25998,,,,,,
2017-11-21,31316,,,,,,
2017-11-22,31315,,,,,,
2017-11-23,30147,,,,,,
2017-11-24,28930,,,,,,
2017-11-25,17691,,,,,,
2017-11-26,15229,,,,,,
2017-11-27,24324,,,,,,
2017-11-28,28202,,,,,,
2017-11-29,27319,,,,,,
2017-11-30,25986,,,,,,
2017-12-01,24321,,,,,,
2017-12-02,16887,,,,,,
2017-12-03,12773,,,,,,
2017-12-04,27613,,,,,,
2017-12-05,29611,,,,,,
2017-12-06,29058,,,,,,
2017-12-07,24810,,,,,,
2017-12-08,24431,,,,,,
2017-12-09,15509,,,,,,
2017-12-10,5143,,,,,,
2017-12-11,13055,,,,,,
2017-12-12,22780,,,,,,
2017-12-13,20074,,,,,,
2017-12-14,24064,,,,,,
2017-12-15,21107,,,,,,
2017-12-16,12229,,,,,,
2017-12-17,7519,,,,,,
2017-12-18,23414,,,,,,
2017-12-19,22935,,,,,,
2017-12-20,21801,,,,,,
2017-12-21,20945,,,,,,
2017-12-22,17124,,,,,,
2017-12-23,9725,,,,,,
2017-12-24,7498,,,,,,
2017-12-25,27305,,,,,,
2017-12-26,7149,,,,,,
2017-12-27,5426,,,,,,
2017-12-28,11236,,,,,,
2017-12-29,8346,,,,,,
2017-12-30,10908,,,,,,
2017-12-31,9292,,,,,,
2018-01-01,10235,,,,,,
2018-01-02,14394,,,,,,
2018-01-03,20265,,,,,,
2018-01-04,17543,,,,,,
2018-01-05,21759,,,,,,
2018-01-06,13920,,,,,,
2018-01-07,12259,,,,,,
2018-01-08,23374,,,,,,
2018-01-09,24683,,,,,,
2018-01-10,26787,,,,,,
2018-01-11,25222,,,,,,
2018-01-12,24696,,,,,,
2018-01-13,17512,,,,,,
2018-01-14,15070,,,,,,
2018-01-15,19161,,,,,,
2018-01-16,26921,,,,,,
2018-01-17,26934,,,,,,
2018-01-18,26471,,,,,,
2018-01-19,25799,,,,,,
2018-01-20,9398,,,,,,
2018-01-21,5859,,,,,,
2018-01-22,26337,,,,,,
2018-01-23,26003,,,,,,
2018-01-24,20206,,,,,,
2018-01-25,28189,,,,,,
2018-01-26,26430,,,,,,
2018-01-27,14472,,,,,,
2018-01-28,17512,,,,,,
2018-01-29,26371,,,,,,
2018-01-30,28002,,,,,,
2018-01-31,24117,,,,,,
2018-02-01,25525,,,,,,
2018-02-02,25331,,,,,,
2018-02-03,8975,,,,,,
2018-02-04,13833,,,,,,
2018-02-05,23898,,,,,,
2018-02-06,25349,,,,,,
2018-02-07,25388,,,,,,
2018-02-08,25791,,,,,,
2018-02-09,21037,,,,,,
2018-02-10,9956,,,,,,
2018-02-11,14621,,,,,,
2018-02-12,24719,,,,,,
2018-02-13,20931,,,,,,
2018-02-14,18866,,,,,,
2018-02-15,25264,,,,,,
2018-02-16,25411,,,,,,
2018-02-17,23169,,,,,,
2018-02-18,18624,,,,,,
2018-02-19,19879,,,,,,
2018-02-20,25055,,,,,,
2018-02-21,26434,,,,,,
2018-02-22,26179,,,,,,
2018-02-23,23067,,,,,,
2018-02-24,16522,,,,,,
2018-02-25,14037,,,,,,
2018-02-26,19204,,,,,,
2018-02-27,18741,,,,,,
2018-02-28,10619,,,,,,
2018-03-01,8744,,,,,,
2018-03-02,8234,,,,,,
2018-03-03,7924,,,,,,
2018-03-04,10853,,,,,,
2018-03-05,24818,,,,,,
2018-03-06,26301,,,,,,
2018-03-07,22044,,,,,,
2018-03-08,25967,,,,,,
2018-03-09,18912,,,,,,
2018-03-10,18717,,,,,,
2018-03-11,16259,,,,,,
2018-03-12,19996,,,,,,
2018-03-13,28069,,,,,,
2018-03-14,28769,,,,,,
2018-03-15,25318,,,,,,
2018-03-16,28308,,,,,,
2018-03-17,8106,,,,,,
2018-03-18,6624,,,,,,
2018-03-19,20488,,,,,,
2018-03-20,24582,,,,,,
2018-03-21,27719,,,,,,
2018-03-22,27228,,,,,,
2018-03-23,26894,,,,,,
2018-03-24,18804,,,,,,
2018-03-25,19723,,,,,,
2018-03-26,29486,,,,,,
2018-03-27,22603,,,,,,
2018-03-28,15800,,,,,,
2018-03-29,20237,,,,,,
2018-03-30,6362,,,,,,
2018-03-31,11032,,,,,,
2018-04-01,13504,,,,,,
2018-04-02,7998,,,,,,
2018-04-03,22708,,,,,,
2018-04-04,23173,,,,,,
2018-04-05,30508,,,,,,
2018-04-06,30690,,,,,,
2018-04-07,25909,,,,,,
2018-04-08,9759,,,,,,
2018-04-09,16324,,,,,,
2018-04-10,26751,,,,,,
2018-04-11,24883,,,,,,
2018-04-12,26473,,,,,,
2018-04-13,27363,,,,,,
2018-04-14,34235,,,,,,
2018-04-15,21324,,,,,,
2018-04-16,30730,,,,,,
2018-04-17,33025,,,,,,
2018-04-18,40544,,,,,,
2018-04-19,43585,,,,,,
2018-04-20,45048,,,,,,
2018-04-21,42328,,,,,,
2018-04-22,38395,,,,,,
2018-04-23,35940,,,,,,
2018-04-24,33430,,,,,,
2018-04-25,33426,,,,,,
2018-04-26,34995,,,,,,
2018-04-27,21387,,,,,,
2018-04-28,17368,,,,,,
2018-04-29,15822,,,,,,
2018-04-30,17112,,,,,,
2018-05-01,34598,,,,,,
2018-05-02,23727,,,,,,
2018-05-03,35477,,,,,,
2018-05-04,36447,,,,,,
2018-05-05,39070,,,,,,
2018-05-06,40606,,,,,,
2018-05-07,45435,,,,,,
2018-05-08,41579,,,,,,
2018-05-09,41130,,,,,,
2018-05-10,38054,,,,,,
2018-05-11,38386,,,,,,
2018-05-12,16717,,,,,,
2018-05-13,29190,,,,,,
2018-05-14,38095,,,,,,
2018-05-15,42106,,,,,,
2018-05-16,34627,,,,,,
2018-05-17,37549,,,,,,
2018-05-18,37305,,,,,,
2018-05-19,36895,,,,,,
2018-05-20,39964,,,,,,
2018-05-21,38800,,,,,,
2018-05-22,41242,,,,,,
2018-05-23,38229,,,,,,
2018-05-24,31970,,,,,,
2018-05-25,35108,,,,,,
2018-05-26,33573,,,,,,
2018-05-27,33192,,,,,,
2018-05-28,36742,,,,,,
2018-05-29,24312,,,,,,
2018-05-30,34884,,,,,,
2018-05-31,37677,,,,,,
2018-06-01,37293,,,,,,
2018-06-02,38293,,,,,,
2018-06-03,39871,,,,,,
2018-06-04,35255,,,,,,
2018-06-05,37048,,,,,,
2018-06-06,41592,,,,,,
2018-06-07,37841,,,,,,
2018-06-08,39576,,,,,,
2018-06-09,36466,,,,,,
2018-06-10,38562,,,,,,
2018-06-11,41027,,,,,,
2018-06-12,38487,,,,,,
2018-06-13,40569,,,,,,
2018-06-14,37871,,,,,,
2018-06-15,39862,,,,,,
2018-06-16,31329,,,,,,
2018-06-17,26769,,,,,,
2018-06-18,39768,,,,,,
2018-06-19,41862,,,,,,
2018-06-20,41134,,,,,,
2018-06-21,41533,,,,,,
2018-06-22,41765,,,,,,
2018-06-23,38772,,,,,,
2018-06-24,38982,,,,,,
2018-06-25,44565,,,,,,
2018-06-26,46084,,,,,,
2018-06-27,44788,,,,,,
2018-06-28,43075,,,,,,
2018-06-29,43081,,,,,,
2018-06-30,38522,,,,,,
2018-07-01,37334,,,,,,
2018-07-02,42556,,,,,,
2018-07-03,44655,,,,,,
2018-07-04,43511,,,,,,
2018-07-05,44052,,,,,,
2018-07-06,43143,,,,,,
2018-07-07,36308,,,,,,
2018-07-08,38196,,,,,,
2018-07-09,41893,,,,,,
2018-07-10,43535,,,,,,
2018-07-11,44003,,,,,,
2018-07-12,41826,,,,,,
2018-07-13,38879,,,,,,
2018-07-14,37733,,,,,,
2018-07-15,37299,,,,,,
2018-07-16,41828,,,,,,
2018-07-17,43392,,,,,,
2018-07-18,43183,,,,,,
2018-07-19,42857,,,,,,
2018-07-20,40297,,,,,,
2018-07-21,38763,,,,,,
2018-07-22,37683,,,,,,
2018-07-23,42509,,,,,,
2018-07-24,44195,,,,,,
2018-07-25,44870,,,,,,
2018-07-26,43343,,,,,,
2018-07-27,34606,,,,,,
2018-07-28,41145,,,,,,
2018-07-29,18974,,,,,,
2018-07-30,38274,,,,,,
2018-07-31,42260,,,,,,
2018-08-01,43691,,,,,,
2018-08-02,43292,,,,,,
2018-08-03,40908,,,,,,
2018-08-04,39318,,,,,,
2018-08-05,40220,,,,,,
2018-08-06,41963,,,,,,
2018-08-07,40954,,,,,,
2018-08-08,42676,,,,,,
2018-08-09,20574,,,,,,
2018-08-10,29253,,,,,,
2018-08-11,33214,,,,,,
2018-08-12,23113,,,,,,
2018-08-13,36510,,,,,,
2018-08-14,40735,,,,,,
2018-08-15,40930,,,,,,
2018-08-16,28400,,,,,,
2018-08-17,36869,,,,,,
2018-08-18,31691,,,,,,
2018-08-19,32209,,,,,,
2018-08-20,37839,,,,,,
2018-08-21,40293,,,,,,
2018-08-22,38401,,,,,,
2018-08-23,34492,,,,,,
2018-08-24,27839,,,,,,
2018-08-25,25490,,,,,,
2018-08-26,8177,,,,,,
2018-08-27,25059,,,,,,
2018-08-28,34791,,,,,,
2018-08-29,27070,,,,,,
2018-08-30,37001,,,,,,
2018-08-31,35209,,,,,,
2018-09-01,35326,,,,,,
2018-09-02,35048,,,,,,
2018-09-03,36068,,,,,,
2018-09-04,36581,,,,,,
2018-09-05,36059,,,,,,
2018-09-06,34778,,,,,,
2018-09-07,35451,,,,,,
2018-09-08,28318,,,,,,
2018-09-09,30598,,,,,,
2018-09-10,36965,,,,,,
2018-09-11,37221,,,,,,
2018-09-12,33403,,,,,,
2018-09-13,38708,,,,,,
2018-09-14,35332,,,,,,
2018-09-15,33465,,,,,,
2018-09-16,32055,,,,,,
2018-09-17,39190,,,,,,
2018-09-18,38360,,,,,,
2018-09-19,37027,,,,,,
2018-09-20,35317,,,,,,
2018-09-21,32942,,,,,,
2018-09-22,12376,,,,,,
2018-09-23,13192,,,,,,
2018-09-24,34563,,,,,,
2018-09-25,36730,,,,,,
2018-09-26,39281,,,,,,
2018-09-27,39835,,,,,,
2018-09-28,35817,,,,,,
2018-09-29,32941,,,,,,
2018-09-30,25254,,,,,,
2018-10-01,34411,,,,,,
2018-10-02,37515,,,,,,
2018-10-03,38434,,,,,,
2018-10-04,36930,,,,,,
2018-10-05,39569,,,,,,
2018-10-06,10043,,,,,,
2018-10-07,25713,,,,,,
2018-10-08,35156,,,,,,
2018-10-09,39132,,,,,,
2018-10-10,39398,,,,,,
2018-10-11,35875,,,,,,
2018-10-12,35747,,,,,,
2018-10-13,36393,,,,,,
2018-10-14,10292,,,,,,
2018-10-15,28044,,,,,,
2018-10-16,37920,,,,,,
2018-10-17,30482,,,,,,
2018-10-18,35206,,,,,,
2018-10-19,34707,,,,,,
2018-10-20,32588,,,,,,
2018-10-21,32484,,,,,,
2018-10-22,34430,,,,,,
2018-10-23,34889,,,,,,
2018-10-24,35656,,,,,,
2018-10-25,34640,,,,,,
2018-10-26,27636,,,,,,
2018-10-27,18756,,,,,,
2018-10-28,13675,,,,,,
2018-10-29,29409,,,,,,
2018-10-30,30269,,,,,,
2018-10-31,32891,,,,,,
2018-11-01,23475,,,,,,
2018-11-02,31083,,,,,,
2018-11-03,25142,,,,,,
2018-11-04,21829,,,,,,
2018-11-05,31421,,,,,,
2018-11-06,33038,,,,,,
2018-11-07,27656,,,,,,
2018-11-08,32933,,,,,,
2018-11-09,27403,,,,,,
2018-11-10,14732,,,,,,
2018-11-11,18455,,,,,,
2018-11-12,26077,,,,,,
2018-11-13,32062,,,,,,
2018-11-14,33339,,,,,,
2018-11-15,33043,,,,,,
2018-11-16,28581,,,,,,
2018-11-17,20518,,,,,,
2018-11-18,9585,,,,,,
2018-11-19,18246,,,,,,
2018-11-20,15237,,,,,,
2018-11-21,25022,,,,,,
2018-11-22,26112,,,,,,
2018-11-23,25881,,,,,,
2018-11-24,15813,,,,,,
2018-11-25,14529,,,,,,
2018-11-26,27509,,,,,,
2018-11-27,22128,,,,,,
2018-11-28,22846,,,,,,
2018-11-29,25714,,,,,,
2018-11-30,28615,,,,,,
2018-12-01,14046,,,,,,
2018-12-02,15990,,,,,,
2018-12-03,25801,,,,,,
2018-12-04,28982,,,,,,
2018-12-05,23816,,,,,,
2018-12-06,16600,,,,,,
2018-12-07,18608,,,,,,
2018-12-08,16515,,,,,,
2018-12-09,15441,,,,,,
2018-12-10,27880,,,,,,
2018-12-11,28904,,,,,,
2018-12-12,27494,,,,,,
2018-12-13,25997,,,,,,
2018-12-14,24076,,,,,,
2018-12-15,8076,,,,,,
2018-12-16,12123,,,,,,
2018-12-17,24973,,,,,,
2018-12-18,20180,,,,,,
2018-12-19,22425,,,,,,
2018-12-20,23694,,,,,,
2018-12-21,19169,,,,,,
2018-12-22,13310,,,,,,
2018-12-23,6748,,,,,,
2018-12-24,10043,,,,,,
2018-12-25,35267,,,,,,
2018-12-26,10841,,,,,,
2018-12-27,12310,,,,,,
2018-12-28,13794,,,,,,
2018-12-29,13100,,,,,,
2018-12-30,12922,,,,,,
2018-12-31,16305,,,,,,
2019-01-01,14148,,,,,,
2019-01-02,19746,,,,,,
2019-01-03,21552,,,,,,
2019-01-04,20863,,,,,,
2019-01-05,13907,,,,,,
2019-01-06,14262,,,,,,
2019-01-07,25668,,,,,,
2019-01-08,27757,,,,,,
2019-01-09,26568,,,,,,
2019-01-10,26022,,,,,,
2019-01-11,26378,,,,,,
2019-01-12,16750,,,,,,
2019-01-13,16304,,,,,,
2019-01-14,28097,,,,,,
2019-01-15,29413,,,,,,
2019-01-16,24500,,,,,,
2019-01-17,26053,,,,,,
2019-01-18,25525,,,,,,
2019-01-19,16653,,,,,,
2019-01-20,16803,,,,,,
2019-01-21,26567,,,,,,
2019-01-22,23083,,,,,,
2019-01-23,25406,,,,,,
2019-01-24,24357,,,,,,
2019-01-25,24198,,,,,,
2019-01-26,15062,,,,,,
2019-01-27,10596,,,,,,
2019-01-28,25859,,,,,,
2019-01-29,24732,,,,,,
2019-01-30,25482,,,,,,
2019-01-31,23487,,,,,,
2019-02-01,12841,,,,,,
2019-02-02,14136,,,,,,
2019-02-03,14637,,,,,,
2019-02-04,18254,,,,,,
2019-02-05,25682,,,,,,
2019-02-06,26197,,,,,,
2019-02-07,26703,,,,,,
2019-02-08,17468,,,,,,
2019-02-09,17439,,,,,,
2019-02-10,10800,,,,,,
2019-02-11,27439,,,,,,
2019-02-12,28786,,,,,,
2019-02-13,29145,,,,,,
2019-02-14,29270,,,,,,
2019-02-15,28838,,,,,,
2019-02-16,20560,,,,,,
2019-02-17,24383,,,,,,
2019-02-18,23815,,,,,,
2019-02-19,28927,,,,,,
2019-02-20,28971,,,,,,
2019-02-21,30474,,,,,,
2019-02-22,29703,,,,,,
2019-02-23,29242,,,,,,
2019-02-24,26092,,,,,,
2019-02-25,31480,,,,,,
2019-02-26,34996,,,,,,
2019-02-27,35420,,,,,,
2019-02-28,27219,,,,,,
2019-03-01,28255,,,,,,
2019-03-02,22795,,,,,,
2019-03-03,9641,,,,,,
2019-03-04,26532,,,,,,
2019-03-05,29701,,,,,,
2019-03-06,25449,,,,,,
2019-03-07,24884,,,,,,
2019-03-08,23635,,,,,,
2019-03-09,19951,,,,,,
2019-03-10,12111,,,,,,
2019-03-11,27725,,,,,,
2019-03-12,21718,,,,,,
2019-03-13,26816,,,,,,
2019-03-14,23699,,,,,,
2019-03-15,26123,,,,,,
2019-03-16,14594,,,,,,
2019-03-17,14390,,,,,,
2019-03-18,27824,,,,,,
2019-03-19,27683,,,,,,
2019-03-20,30485,,,,,,
2019-03-21,31307,,,,,,
2019-03-22,28229,,,,,,
2019-03-23,25897,,,,,,
2019-03-24,27408,,,,,,
2019-03-25,31215,,,,,,
2019-03-26,31955,,,,,,
2019-03-27,31263,,,,,,
2019-03-28,32315,,,,,,
2019-03-29,35321,,,,,,
2019-03-30,33026,,,,,,
2019-03-31,20325,,,,,,
2019-04-01,31834,,,,,,
2019-04-02,24529,,,,,,
2019-04-03,27059,,,,,,
2019-04-04,25493,,,,,,
2019-04-05,27536,,,,,,
2019-04-06,20423,,,,,,
2019-04-07,16897,,,,,,
2019-04-08,26527,,,,,,
2019-04-09,25534,,,,,,
2019-04-10,31699,,,,,,
2019-04-11,30961,,,,,,
2019-04-12,27403,,,,,,
2019-04-13,19856,,,,,,
2019-04-14,20896,,,,,,
2019-04-15,30837,,,,,,
2019-04-16,31842,,,,,,
2019-04-17,37203,,,,,,
2019-04-18,36574,,,,,,
2019-04-19,36505,,,,,,
2019-04-20,38712,,,,,,
2019-04-21,36686,,,,,,
2019-04-22,35435,,,,,,
2019-04-23,34948,,,,,,
2019-04-24,34593,,,,,,
2019-04-25,34494,,,,,,
2019-04-26,32006,,,,,,
2019-04-27,18379,,,,,,
2019-04-28,22631,,,,,,
2019-04-29,33748,,,,,,
2019-04-30,38908,,,,,,
2019-05-01,37952,,,,,,
2019-05-02,32563,,,,,,
2019-05-03,28182,,,,,,
2019-05-04,19806,,,,,,
2019-05-05,22896,,,,,,
2019-05-06,22472,,,,,,
2019-05-07,34646,,,,,,
2019-05-08,20276,,,,,,
2019-05-09,28404,,,,,,
2019-05-10,34078,,,,,,
2019-05-11,25475,,,,,,
2019-05-12,31836,,,,,,
2019-05-13,37537,,,,,,
2019-05-14,39647,,,,,,
2019-05-15,39054,,,,,,
2019-05-16,38408,,,,,,
2019-05-17,29846,,,,,,
2019-05-18,28138,,,,,,
2019-05-19,26727,,,,,,
2019-05-20,36072,,,,,,
2019-05-21,41251,,,,,,
2019-05-22,40312,,,,,,
2019-05-23,41314,,,,,,
2019-05-24,37280,,,,,,
2019-05-25,33151,,,,,,
2019-05-26,26802,,,,,,
2019-05-27,28309,,,,,,
2019-05-28,34443,,,,,,
2019-05-29,31203,,,,,,
2019-05-30,39450,,,,,,
2019-05-31,39017,,,,,,
2019-06-01,40800,,,,,,
2019-06-02,33865,,,,,,
2019-06-03,37306,,,,,,
2019-06-04,31948,,,,,,
2019-06-05,38033,,,,,,
2019-06-06,38141,,,,,,
2019-06-07,25122,,,,,,
2019-06-08,26656,,,,,,
2019-06-09,29311,,,,,,
2019-06-10,13358,,,,,,
2019-06-11,34285,,,,,,
2019-06-12,25449,,,,,,
2019-06-13,26617,,,,,,
2019-06-14,33837,,,,,,
2019-06-15,28235,,,,,,
2019-06-16,26102,,,,,,
2019-06-17,38894,,,,,,
2019-06-18,29854,,,,,,
2019-06-19,33190,,,,,,
2019-06-20,38345,,,,,,
2019-06-21,38656,,,,,,
2019-06-22,36858,,,,,,
2019-06-23,30851,,,,,,
2019-06-24,38617,,,,,,
2019-06-25,38200,,,,,,
2019-06-26,39620,,,,,,
2019-06-27,41692,,,,,,
2019-06-28,39986,,,,,,
2019-06-29,38616,,,,,,
2019-06-30,33990,,,,,,
2019-07-01,39257,,,,,,
2019-07-02,42658,,,,,,
2019-07-03,43924,,,,,,
2019-07-04,44668,,,,,,
2019-07-05,42466,,,,,,
2019-07-06,34018,,,,,,
2019-07-07,29889,,,,,,
2019-07-08,39670,,,,,,
2019-07-09,41447,,,,,,
2019-07-10,42343,,,,,,
2019-07-11,41916,,,,,,
2019-07-12,41305,,,,,,
2019-07-13,36204,,,,,,
2019-07-14,27858,,,,,,
2019-07-15,39489,,,,,,
2019-07-16,43693,,,,,,
2019-07-17,41959,,,,,,
2019-07-18,34240,,,,,,
2019-07-19,25620,,,,,,
2019-07-20,31351,,,,,,
2019-07-21,33251,,,,,,
2019-07-22,40842,,,,,,
2019-07-23,44457,,,,,,
2019-07-24,42296,,,,,,
2019-07-25,39323,,,,,,
2019-07-26,31517,,,,,,
2019-07-27,19950,,,,,,
2019-07-28,29319,,,,,,
2019-07-29,41472,,,,,,
2019-07-30,27449,,,,,,
2019-07-31,38299,,,,,,
2019-08-01,39898,,,,,,
2019-08-02,38278,,,,,,
2019-08-03,39388,,,,,,
2019-08-04,34341,,,,,,
2019-08-05,34041,,,,,,
2019-08-06,39369,,,,,,
2019-08-07,37776,,,,,,
2019-08-08,40667,,,,,,
2019-08-09,30719,,,,,,
2019-08-10,25956,,,,,,
2019-08-11,29952,,,,,,
2019-08-12,29570,,,,,,
2019-08-13,39534,,,,,,
2019-08-14,19154,,,,,,
2019-08-15,38018,,,,,,
2019-08-16,23388,,,,,,
2019-08-17,29360,,,,,,
2019-08-18,24122,,,,,,
2019-08-19,33048,,,,,,
2019-08-20,39255,,,,,,
2019-08-21,38251,,,,,,
2019-08-22,38056,,,,,,
2019-08-23,35995,,,,,,
2019-08-24,30776,,,,,,
2019-08-25,31355,,,,,,
2019-08-26,33150,,,,,,
2019-08-27,37597,,,,,,
2019-08-28,36576,,,,,,
2019-08-29,38337,,,,,,
2019-08-30,37147,,,,,,
2019-08-31,30847,,,,,,
2019-09-01,29486,,,,,,
2019-09-02,35280,,,,,,
2019-09-03,37229,,,,,,
2019-09-04,33933,,,,,,
2019-09-05,36722,,,,,,
2019-09-06,31798,,,,,,
2019-09-07,28038,,,,,,
2019-09-08,27969,,,,,,
2019-09-09,29440,,,,,,
2019-09-10,36814,,,,,,
2019-09-11,35787,,,,,,
2019-09-12,38252,,,,,,
2019-09-13,37354,,,,,,
2019-09-14,34966,,,,,,
2019-09-15,33698,,,,,,
2019-09-16,32747,,,,,,
2019-09-17,39025,,,,,,
2019-09-18,38751,,,,,,
2019-09-19,38271,,,,,,
2019-09-20,37699,,,,,,
2019-09-21,36479,,,,,,
2019-09-22,24154,,,,,,
2019-09-23,30941,,,,,,
2019-09-24,21563,,,,,,
2019-09-25,32427,,,,,,
2019-09-26,28976,,,,,,
2019-09-27,29557,,,,,,
2019-09-28,24960,,,,,,
2019-09-29,15478,,,,,,
2019-09-30,27787,,,,,,
2019-10-01,24631,,,,,,
2019-10-02,33923,,,,,,
2019-10-03,32707,,,,,,
2019-10-04,32314,,,,,,
2019-10-05,26578,,,,,,
2019-10-06,21690,,,,,,
2019-10-07,28418,,,,,,
2019-10-08,32894,,,,,,
2019-10-09,34874,,,,,,
2019-10-10,35641,,,,,,
2019-10-11,25222,,,,,,
2019-10-12,10047,,,,,,
2019-10-13,16040,,,,,,
2019-10-14,22519,,,,,,
2019-10-15,34372,,,,,,
2019-10-16,30763,,,,,,
2019-10-17,30259,,,,,,
2019-10-18,29675,,,,,,
2019-10-19,25400,,,,,,
2019-10-20,20545,,,,,,
2019-10-21,24215,,,,,,
2019-10-22,33916,,,,,,
2019-10-23,31786,,,,,,
2019-10-24,23489,,,,,,
2019-10-25,28988,,,,,,
2019-10-26,14397,,,,,,
2019-10-27,22155,,,,,,
2019-10-28,30208,,,,,,
2019-10-29,31225,,,,,,
2019-10-30,32157,,,,,,
2019-10-31,30951,,,,,,
2019-11-01,25128,,,,,,
2019-11-02,14557,,,,,,
2019-11-03,18356,,,,,,
2019-11-04,29198,,,,,,
2019-11-05,31016,,,,,,
2019-11-06,30745,,,,,,
2019-11-07,30244,,,,,,
2019-11-08,26194,,,,,,
2019-11-09,12350,,,,,,
2019-11-10,18491,,,,,,
2019-11-11,28080,,,,,,
2019-11-12,27391,,,,,,
2019-11-13,29661,,,,,,
2019-11-14,28649,,,,,,
2019-11-15,21318,,,,,,
2019-11-16,18553,,,,,,
2019-11-17,18082,,,,,,
2019-11-18,28521,,,,,,
2019-11-19,28760,,,,,,
2019-11-20,29437,,,,,,
2019-11-21,27064,,,,,,
2019-11-22,24865,,,,,,
2019-11-23,14904,,,,,,
2019-11-24,15599,,,,,,
2019-11-25,25722,,,,,,
2019-11-26,26982,,,,,,
2019-11-27,26575,,,,,,
2019-11-28,26030,,,,,,
2019-11-29,28463,,,,,,
2019-11-30,18176,,,,,,
2019-12-01,14242,,,,,,
2019-12-02,27306,,,,,,
2019-12-03,29645,,,,,,
2019-12-04,29458,,,,,,
2019-12-05,28547,,,,,,
2019-12-06,21917,,,,,,
2019-12-07,19235,,,,,,
2019-12-08,15139,,,,,,
2019-12-09,27089,,,,,,
2019-12-10,24198,,,,,,
2019-12-11,27414,,,,,,
2019-12-12,19740,,,,,,
2019-12-13,23189,,,,,,
2019-12-14,14862,,,,,,
2019-12-15,14077,,,,,,
2019-12-16,24344,,,,,,
2019-12-17,19747,,,,,,
2019-12-18,24745,,,,,,
2019-12-19,21679,,,,,,
2019-12-20,14451,,,,,,
2019-12-21,9370,,,,,,
2019-12-22,10407,,,,,,
2019-12-23,15878,,,,,,
2019-12-24,10478,,,,,,
2019-12-25,34674,,,,,,
2019-12-26,5649,,,,,,
2019-12-27,11718,,,,,,
2019-12-28,11414,,,,,,
2019-12-29,12256,,,,,,
2019-12-30,16166,,,,,,
2019-12-31,13043,,,,,,
2020-01-01,11141,,,,,,
2020-01-02,18675,,,,,,
2020-01-03,18434,,,,,,
2020-01-04,15695,,,,,,
2020-01-05,12977,,,,,,
2020-01-06,23771,,,,,,
2020-01-07,27548,,,,,,
2020-01-08,28267,,,,,,
2020-01-09,26621,,,,,,
2020-01-10,26844,,,,,,
2020-01-11,18206,,,,,,
2020-01-12,16501,,,,,,
2020-01-13,23838,,,,,,
2020-01-14,23018,,,,,,
2020-01-15,22496,,,,,,
2020-01-16,26302,,,,,,
2020-01-17,25806,,,,,,
2020-01-18,19812,,,,,,
2020-01-19,17915,,,,,,
2020-01-20,28248,,,,,,
2020-01-21,28829,,,,,,
2020-01-22,27721,,,,,,
2020-01-23,28416,,,,,,
2020-01-24,26408,,,,,,
2020-01-25,18190,,,,,,
2020-01-26,12849,,,,,,
2020-01-27,23481,,,,,,
2020-01-28,28215,,,,,,
2020-01-29,28955,,,,,,
2020-01-30,27962,,,,,,
2020-01-31,26373,,,,,,
2020-02-01,20286,,,,,,
2020-02-02,16214,,,,,,
2020-02-03,28264,,,,,,
2020-02-04,29470,,,,,,
2020-02-05,29709,,,,,,
2020-02-06,29476,,,,,,
2020-02-07,28233,,,,,,
2020-02-08,21802,,,,,,
2020-02-09,6474,,,,,,
2020-02-10,21872,,,,,,
2020-02-11,27194,,,,,,
2020-02-12,27944,,,,,,
2020-02-13,25451,,,,,,
2020-02-14,26503,,,,,,
2020-02-15,9828,,,,,,
2020-02-16,6510,,,,,,
2020-02-17,25727,,,,,,
2020-02-18,25245,,,,,,
2020-02-19,24292,,,,,,
2020-02-20,22656,,,,,,
2020-02-21,24879,,,,,,
2020-02-22,18655,,,,,,
2020-02-23,14073,,,,,,
2020-02-24,23510,,,,,,
2020-02-25,27093,,,,,,
2020-02-26,28056,,,,,,
2020-02-27,20355,,,,,,
2020-02-28,18673,,,,,,
2020-02-29,12537,,,,,,
2020-03-01,16823,,,,,,
2020-03-02,26481,,,,,,
2020-03-03,29205,,,,,,
2020-03-04,23387,,,,,,
2020-03-05,17022,,,,,,
2020-03-06,27941,,,,,,
2020-03-07,20212,,,,,,
2020-03-08,14909,,,,,,
2020-03-09,22847,,,,,,
2020-03-10,28182,,,,,,
2020-03-11,29708,,,,,,
2020-03-12,26838,,,,,,
2020-03-13,25231,,,,,,
2020-03-14,18729,,,,,,
2020-03-15,13259,,,,,,
2020-03-16,24351,,,,,,
2020-03-17,19262,,,,,,
2020-03-18,17397,,,,,,
2020-03-19,13360,,,,,,
2020-03-20,13686,,,,,,
2020-03-21,17539,,,,,,
2020-03-22,16220,,,,,,
2020-03-23,11631,,,,,,
2020-03-24,10160,,,,,,
2020-03-25,10636,,,,,,
2020-03-26,10970,,,,,,
2020-03-27,11022,,,,,,
2020-03-28,12931,,,,,,
2020-03-29,7332,,,,,,
2020-03-30,6983,,,,,,
2020-03-31,9087,,,,,,
2020-04-01,9190,,,,,,
2020-04-02,9896,,,,,,
2020-04-03,11136,,,,,,
2020-04-04,22102,,,,,,
2020-04-05,28899,,,,,,
2020-04-06,10559,,,,,,
2020-04-07,14768,,,,,,
2020-04-08,13656,,,,,,
2020-04-09,17448,,,,,,
2020-04-10,27287,,,,,,
2020-04-11,33448,,,,,,
2020-04-12,29526,,,,,,
2020-04-13,18010,,,,,,
2020-04-14,14618,,,,,,
2020-04-15,18061,,,,,,
2020-04-16,16656,,,,,,
2020-04-17,11208,,,,,,
2020-04-18,20323,,,,,,
2020-04-19,39984,,,,,,
2020-04-20,17444,,,,,,
2020-04-21,18736,,,,,,
2020-04-22,21162,,,,,,
2020-04-23,23858,,,,,,
2020-04-24,23358,,,,,,
2020-04-25,38041,,,,,,
2020-04-26,39088,,,,,,
2020-04-27,17194,,,,,,
2020-04-28,4871,,,,,,
2020-04-29,11422,,,,,,
2020-04-30,9109,,,,,,
2020-05-01,14657,,,,,,
2020-05-02,38468,,,,,,
2020-05-03,26976,,,,,,
2020-05-04,18327,,,,,,
2020-05-05,18500,,,,,,
2020-05-06,23338,,,,,,
2020-05-07,27378,,,,,,
2020-05-08,43656,,,,,,
2020-05-09,48724,,,,,,
2020-05-10,23527,,,,,,
2020-05-11,13360,,,,,,
2020-05-12,20108,,,,,,
2020-05-13,16878,,,,,,
2020-05-14,20434,,,,,,
2020-05-15,28349,,,,,,
2020-05-16,46217,,,,,,
2020-05-17,51411,,,,,,
2020-05-18,29581,,,,,,
2020-05-19,35510,,,,,,
2020-05-20,42805,,,,,,
2020-05-21,36165,,,,,,
2020-05-22,36798,,,,,,
2020-05-23,40748,,,,,,
2020-05-24,55780,,,,,,
2020-05-25,67000,,,,,,
2020-05-26,38353,,,,,,
2020-05-27,38295,,,,,,
2020-05-28,40653,,,,,,
2020-05-29,45645,,,,,,
2020-05-30,70074,,,,,,
2020-05-31,62905,,,,,,
2020-06-01,38362,,,,,,
2020-06-02,45512,,,,,,
2020-06-03,28908,,,,,,
2020-06-04,27745,,,,,,
2020-06-05,28578,,,,,,
2020-06-06,27721,,,,,,
2020-06-07,39208,,,,,,
2020-06-08,28841,,,,,,
2020-06-09,36692,,,,,,
2020-06-10,16955,,,,,,
2020-06-11,24699,,,,,,
2020-06-12,26980,,,,,,
2020-06-13,65022,,,,,,
2020-06-14,57494,,,,,,
2020-06-15,37978,,,,,,
2020-06-16,37745,,,,,,
2020-06-17,26510,,,,,,
2020-06-18,25654,,,,,,
2020-06-19,36573,,,,,,
2020-06-20,64022,,,,,,
2020-06-21,45468,,,,,,
2020-06-22,42984,,,,,,
2020-06-23,48259,,,,,,
2020-06-24,52094,,,,,,
2020-06-25,52345,,,,,,
2020-06-26,50940,,,,,,
2020-06-27,41337,,,,,,
2020-06-28,42193,,,,,,
2020-06-29,32523,,,,,,
2020-06-30,28679,,,,,,
2020-07-01,31467,,,,,,
2020-07-02,28048,,,,,,
2020-07-03,37411,,,,,,
2020-07-04,42158,,,,,,
2020-07-05,47215,,,,,,
2020-07-06,33682,,,,,,
2020-07-07,32202,,,,,,
2020-07-08,22304,,,,,,
2020-07-09,26121,,,,,,
2020-07-10,38129,,,,,,
2020-07-11,51348,,,,,,
2020-07-12,49637,,,,,,
2020-07-13,35307,,,,,,
2020-07-14,35213,,,,,,
2020-07-15,34117,,,,,,
2020-07-16,37394,,,,,,
2020-07-17,46718,,,,,,
2020-07-18,56637,,,,,,
2020-07-19,33962,,,,,,
2020-07-20,39234,,,,,,
2020-07-21,40527,,,,,,
2020-07-22,41558,,,,,,
2020-07-23,40093,,,,,,
2020-07-24,40907,,,,,,
2020-07-25,24806,,,,,,
2020-07-26,34183,,,,,,
2020-07-27,23873,,,,,,
2020-07-28,37855,,,,,,
2020-07-29,41123,,,,,,
2020-07-30,43059,,,,,,
2020-07-31,43130,,,,,,
2020-08-01,49579,,,,,,
2020-08-02,44086,,,,,,
2020-08-03,36811,,,,,,
2020-08-04,41420,,,,,,
2020-08-05,42665,,,,,,
2020-08-06,41163,,,,,,
2020-08-07,43332,,,,,,
2020-08-08,47654,,,,,,
2020-08-09,44687,,,,,,
2020-08-10,40027,,,,,,
2020-08-11,43123,,,,,,
2020-08-12,41949,,,,,,
2020-08-13,34291,,,,,,
2020-08-14,30311,,,,,,
2020-08-15,30825,,,,,,
2020-08-16,32716,,,,,,
2020-08-17,32054,,,,,,
2020-08-18,39680,,,,,,
2020-08-19,20681,,,,,,
2020-08-20,42879,,,,,,
2020-08-21,35546,,,,,,
2020-08-22,44587,,,,,,
2020-08-23,37221,,,,,,
2020-08-24,31635,,,,,,
2020-08-25,27199,,,,,,
2020-08-26,41178,,,,,,
2020-08-27,23755,,,,,,
2020-08-28,27681,,,,,,
2020-08-29,29066,,,,,,
2020-08-30,35216,,,,,,
2020-08-31,39847,,,,,,
2020-09-01,36663,,,,,,
2020-09-02,31798,,,,,,
2020-09-03,30828,,,,,,
2020-09-04,35991,,,,,,
2020-09-05,42628,,,,,,
2020-09-06,39964,,,,,,
2020-09-07,32942,,,,,,
2020-09-08,38501,,,,,,
2020-09-09,39419,,,,,,
2020-09-10,40260,,,,,,
2020-09-11,38338,,,,,,
2020-09-12,47604,,,,,,
2020-09-13,47135,,,,,,
2020-09-14,31627,,,,,,
2020-09-15,43586,,,,,,
2020-09-16,43344,,,,,,
2020-09-17,42025,,,,,,
2020-09-18,42095,,,,,,
2020-09-19,51750,,,,,,
2020-09-20,47816,,,,,,
2020-09-21,38762,,,,,,
2020-09-22,46176,,,,,,
2020-09-23,30727,,,,,,
2020-09-24,32990,,,,,,
2020-09-25,30829,,,,,,
2020-09-26,34338,,,,,,
2020-09-27,26681,,,,,,
2020-09-28,33130,,,,,,
2020-09-29,32104,,,,,,
2020-09-30,27195,,,,,,
